{"type":"FeatureCollection","attribution":"© OpenStreetMap contributors (ODbL)","features":[{"type":"Feature","geometry":{"type":"LineString","coordinates":[[101.04234,13.41701],[101.04235,13.41697],[101.04263,13.41628],[101.04272,13.41604],[101.04302,13.4153],[101.04311,13.41509],[101.04318,13.41491],[101.04336,13.41448],[101.04342,13.41432],[101.04351,13.4141],[101.04357,13.41393],[101.04361,13.41385],[101.04369,13.41365],[101.04372,13.41357],[101.04386,13.41323]]},"properties":{"osm_id":36336228,"rank":1,"name":null,"ref":"ชบ.3139"}},{"type":"Feature","geometry":{"type":"LineString","coordinates":[[101.14008,13.5519],[101.14033,13.55147],[101.14118,13.55009],[101.14145,13.54963],[101.14206,13.54859],[101.14233,13.54816],[101.14266,13.54761],[101.14298,13.5471],[101.14314,13.54686],[101.1436,13.54611],[101.14486,13.54403],[101.14553,13.54295],[101.14626,13.54172],[101.14644,13.54145],[101.14652,13.54131],[101.14668,13.54104],[101.14693,13.54063],[101.14711,13.54025],[101.14727,13.53984],[101.14759,13.5389],[101.14817,13.53741],[101.14854,13.53646],[101.14889,13.5355]]},"properties":{"osm_id":96489808,"rank":1,"name":"ถนนศุขประยูร","ref":"315"}},{"type":"Feature","geometry":{"type":"LineString","coordinates":[[101.14897,13.53531],[101.14933,13.53428],[101.15019,13.53195]]},"properties":{"osm_id":96489810,"rank":1,"name":"ถนนศุขประยูร","ref":"315"}},{"type":"Feature","geometry":{"type":"LineString","coordinates":[[101.13998,13.55207],[101.14008,13.5519]]},"properties":{"osm_id":96489815,"rank":1,"name":"ถนนศุขประยูร","ref":"315"}},{"type":"Feature","geometry":{"type":"LineString","coordinates":[[101.13483,13.56048],[101.13517,13.55991],[101.13619,13.55825],[101.13688,13.55711],[101.13734,13.55636],[101.13811,13.55509],[101.13884,13.55392],[101.13952,13.55279],[101.13961,13.55263],[101.13975,13.55243],[101.13998,13.55207]]},"properties":{"osm_id":96489825,"rank":1,"name":"ถนนศุขประยูร","ref":"315"}},{"type":"Feature","geometry":{"type":"LineString","coordinates":[[101.17581,13.45049],[101.17579,13.45056],[101.17578,13.45062],[101.17506,13.45331],[101.17468,13.45487],[101.17442,13.45578],[101.17393,13.45781],[101.17372,13.45855],[101.17333,13.45999],[101.17321,13.46048],[101.1731,13.46091],[101.17303,13.46122],[101.17288,13.46194],[101.17273,13.46262],[101.17265,13.46295],[101.17241,13.46393],[101.17232,13.46427],[101.17215,13.46497],[101.17196,13.46562],[101.1719,13.46585],[101.17187,13.46599],[101.17181,13.46623],[101.17171,13.46662],[101.17166,13.46683],[101.17161,13.46704],[101.17142,13.46781],[101.17126,13.46844],[101.17084,13.47013],[101.17078,13.47037],[101.17063,13.47094],[101.17056,13.47123],[101.1705,13.47149],[101.17048,13.47155],[101.16999,13.47344],[101.16989,13.47387],[101.16943,13.47571],[101.16926,13.47638],[101.1692,13.47658],[101.16871,13.47848],[101.16855,13.4791]]},"properties":{"osm_id":96489826,"rank":1,"name":"ถนนศุขประยูร","ref":"315"}},{"type":"Feature","geometry":{"type":"LineString","coordinates":[[101.15019,13.53195],[101.15024,13.5318],[101.15027,13.53172]]},"properties":{"osm_id":96489840,"rank":1,"name":"ถนนศุขประยูร","ref":"315"}},{"type":"Feature","geometry":{"type":"LineString","coordinates":[[101.14889,13.5355],[101.14897,13.53531]]},"properties":{"osm_id":96489847,"rank":1,"name":"ถนนศุขประยูร","ref":"315"}},{"type":"Feature","geometry":{"type":"LineString","coordinates":[[101.04617,13.4932],[101.04639,13.49225],[101.04642,13.492],[101.04647,13.49155],[101.04644,13.49065],[101.04637,13.48911],[101.046,13.48118]]},"properties":{"osm_id":99349040,"rank":1,"name":null,"ref":"3702"}},{"type":"Feature","geometry":{"type":"LineString","coordinates":[[101.02975,13.51392],[101.02982,13.51382],[101.02999,13.51362],[101.03098,13.51245],[101.03202,13.51122]]},"properties":{"osm_id":99349041,"rank":1,"name":null,"ref":"3702"}},{"type":"Feature","geometry":{"type":"LineString","coordinates":[[101.02975,13.51392],[101.02844,13.51548],[101.02777,13.51627],[101.02722,13.51693],[101.02552,13.51895],[101.02208,13.52303],[101.02124,13.52396],[101.0187,13.527],[101.0176,13.52837]]},"properties":{"osm_id":99349043,"rank":1,"name":null,"ref":"3702"}},{"type":"Feature","geometry":{"type":"LineString","coordinates":[[101.01501,13.38704],[101.0154,13.38728]]},"properties":{"osm_id":103478305,"rank":1,"name":"ถนนศุขประยูร","ref":"315"}},{"type":"Feature","geometry":{"type":"LineString","coordinates":[[101.12481,13.42973],[101.12449,13.42964]]},"properties":{"osm_id":103478307,"rank":1,"name":"ถนนศุขประยูร","ref":"315"}},{"type":"Feature","geometry":{"type":"LineString","coordinates":[[101.15857,13.44539],[101.15693,13.44497],[101.15669,13.4449],[101.1566,13.44487],[101.15602,13.4447],[101.15518,13.44446],[101.15483,13.44437],[101.15428,13.4442],[101.15418,13.44417],[101.15288,13.44382],[101.15232,13.44361],[101.15131,13.44324],[101.15117,13.44316],[101.15103,13.44309],[101.15075,13.44291],[101.14964,13.4421],[101.14958,13.44205],[101.14926,13.44185],[101.14897,13.44169],[101.14841,13.44141],[101.14695,13.44068],[101.1465,13.44046],[101.14491,13.43967],[101.14419,13.43926],[101.1438,13.43902],[101.14379,13.43901],[101.14335,13.43874],[101.14318,13.43864],[101.14308,13.43857],[101.14299,13.43851],[101.14239,13.43812],[101.14222,13.43801],[101.14114,13.43732],[101.14078,13.43709],[101.14015,13.43669]]},"properties":{"osm_id":103478308,"rank":1,"name":"ถนนศุขประยูร","ref":"315"}},{"type":"Feature","geometry":{"type":"LineString","coordinates":[[101.15853,13.44553],[101.15879,13.44559]]},"properties":{"osm_id":103478310,"rank":1,"name":"ถนนศุขประยูร","ref":"315"}},{"type":"Feature","geometry":{"type":"LineString","coordinates":[[101.07415,13.41716],[101.07397,13.4171]]},"properties":{"osm_id":103478311,"rank":1,"name":"ถนนศุขประยูร","ref":"315"}},{"type":"Feature","geometry":{"type":"LineString","coordinates":[[101.13973,13.43638],[101.13918,13.43592],[101.13907,13.43582],[101.13814,13.4349],[101.13769,13.43457],[101.13746,13.43445],[101.1371,13.43426],[101.13627,13.43389],[101.13623,13.43388],[101.13615,13.43385],[101.1358,13.4337],[101.13249,13.4325],[101.13175,13.43224],[101.12905,13.43127],[101.12887,13.43121],[101.12747,13.4307],[101.12635,13.4303],[101.12536,13.42994],[101.12481,13.42973]]},"properties":{"osm_id":103478320,"rank":1,"name":"ถนนศุขประยูร","ref":"315"}},{"type":"Feature","geometry":{"type":"LineString","coordinates":[[101.14009,13.43679],[101.14215,13.4381],[101.14295,13.43859],[101.14387,13.4392],[101.14414,13.43937],[101.14483,13.43975],[101.14579,13.44023],[101.14647,13.44058],[101.14721,13.44094],[101.14821,13.44145],[101.1489,13.44179],[101.1492,13.44196],[101.14953,13.44216],[101.14958,13.4422],[101.15024,13.44269],[101.15059,13.44295],[101.1507,13.44302],[101.15099,13.4432],[101.15122,13.44331],[101.15128,13.44334],[101.15229,13.44372],[101.15286,13.44392],[101.15417,13.4443],[101.15598,13.44481],[101.15853,13.44553]]},"properties":{"osm_id":103478323,"rank":1,"name":"ถนนศุขประยูร","ref":"315"}},{"type":"Feature","geometry":{"type":"LineString","coordinates":[[101.09255,13.41979],[101.09241,13.41978],[101.09108,13.41973],[101.09087,13.41972],[101.09055,13.41971],[101.09,13.41969],[101.08932,13.41965],[101.08882,13.41963],[101.08703,13.41956],[101.08682,13.41955],[101.08616,13.41952],[101.08463,13.41945],[101.08434,13.41944],[101.08408,13.41942],[101.08342,13.4193],[101.08226,13.41903],[101.08129,13.41882],[101.08115,13.41878],[101.08076,13.41869],[101.08064,13.41866],[101.08022,13.41856],[101.07984,13.41847],[101.07923,13.41833],[101.07918,13.41832],[101.07786,13.41801],[101.07734,13.41792],[101.07723,13.4179],[101.0768,13.41783],[101.0761,13.41773],[101.07571,13.41764],[101.07541,13.41757],[101.07476,13.41735],[101.07415,13.41716]]},"properties":{"osm_id":103478325,"rank":1,"name":"ถนนศุขประยูร","ref":"315"}},{"type":"Feature","geometry":{"type":"LineString","coordinates":[[101.15884,13.44543],[101.15857,13.44539]]},"properties":{"osm_id":103478328,"rank":1,"name":"ถนนศุขประยูร","ref":"315"}},{"type":"Feature","geometry":{"type":"LineString","coordinates":[[101.06809,13.41605],[101.06845,13.41613],[101.0691,13.41626],[101.0696,13.41635]]},"properties":{"osm_id":103478329,"rank":1,"name":"ถนนศุขประยูร","ref":"315"}},{"type":"Feature","geometry":{"type":"LineString","coordinates":[[101.09581,13.45476],[101.09545,13.45533],[101.09525,13.45568],[101.09497,13.4564],[101.09469,13.45712],[101.09446,13.45768],[101.0944,13.45782],[101.09395,13.45896],[101.09384,13.45923],[101.09376,13.4594],[101.09362,13.45973],[101.09351,13.45999],[101.09347,13.4601],[101.09327,13.4606],[101.09295,13.46157],[101.09287,13.46182],[101.09281,13.46201],[101.09261,13.46267],[101.09256,13.46289],[101.09251,13.46305],[101.09246,13.46326],[101.09243,13.46337],[101.09239,13.46344],[101.09232,13.46362],[101.09223,13.46396],[101.09209,13.46459],[101.09204,13.46484],[101.09202,13.46495],[101.09197,13.46522],[101.09193,13.46547],[101.09187,13.46585],[101.09183,13.46607],[101.09177,13.46635],[101.09174,13.4665],[101.09171,13.46664],[101.09169,13.46674],[101.09155,13.46744],[101.0914,13.4679],[101.09123,13.46835],[101.0912,13.46845],[101.09117,13.46855],[101.09116,13.4686],[101.09115,13.46869],[101.09115,13.46878],[101.09115,13.46886],[101.09116,13.4689],[101.09118,13.46899],[101.09121,13.46906],[101.09124,13.46913],[101.09128,13.4692],[101.09132,13.46928],[101.09139,13.46939],[101.09148,13.46949],[101.09172,13.46966],[101.09202,13.46978],[101.09216,13.46984],[101.09229,13.46987],[101.09296,13.47009],[101.09434,13.47055],[101.09486,13.47072],[101.09513,13.47081],[101.09521,13.47084],[101.09528,13.47086],[101.09536,13.47088],[101.09564,13.47097],[101.09576,13.47101],[101.09654,13.47122]]},"properties":{"osm_id":103478331,"rank":1,"name":"ถนนมาบโป่ง - หัวไผ่","ref":"3127"}},{"type":"Feature","geometry":{"type":"LineString","coordinates":[[101.15879,13.44559],[101.15922,13.44561],[101.15963,13.44557],[101.16136,13.44527],[101.16181,13.44525],[101.16218,13.44528],[101.1628,13.44538],[101.16402,13.44556],[101.16478,13.44571],[101.16516,13.44577],[101.16525,13.4458],[101.16562,13.4459],[101.16598,13.44601],[101.16613,13.44606],[101.16666,13.44623],[101.16699,13.44634],[101.16724,13.4465],[101.16777,13.44677],[101.16842,13.4471],[101.16847,13.44714],[101.16881,13.4473],[101.16913,13.44747],[101.16967,13.44775],[101.17058,13.44819],[101.17132,13.44856],[101.17231,13.44907],[101.17269,13.44924],[101.17313,13.44945],[101.17458,13.45012],[101.17487,13.45024]]},"properties":{"osm_id":103478334,"rank":1,"name":"ถนนศุขประยูร","ref":"315"}},{"type":"Feature","geometry":{"type":"LineString","coordinates":[[101.07392,13.41723],[101.0741,13.41728]]},"properties":{"osm_id":103478335,"rank":1,"name":"ถนนศุขประยูร","ref":"315"}},{"type":"Feature","geometry":{"type":"LineString","coordinates":[[101.11639,13.42714],[101.11667,13.42723]]},"properties":{"osm_id":103478336,"rank":1,"name":"ถนนศุขประยูร","ref":"315"}},{"type":"Feature","geometry":{"type":"LineString","coordinates":[[101.0414,13.40483],[101.03965,13.40431],[101.03899,13.40412],[101.03861,13.40401],[101.03767,13.40373],[101.03554,13.40311],[101.03514,13.40299],[101.03429,13.40274],[101.03407,13.40267],[101.03379,13.40256],[101.03368,13.40252],[101.0335,13.40243],[101.03329,13.40232],[101.03234,13.40183],[101.03211,13.40172],[101.03154,13.40142],[101.03122,13.40125]]},"properties":{"osm_id":103478341,"rank":1,"name":"ถนนศุขประยูร","ref":"315"}},{"type":"Feature","geometry":{"type":"LineString","coordinates":[[101.11642,13.42702],[101.11434,13.42634],[101.11411,13.42627],[101.11409,13.42627],[101.1135,13.42606],[101.11291,13.42583],[101.11278,13.42578],[101.11202,13.42545],[101.11182,13.42537],[101.11097,13.425],[101.11092,13.42497],[101.1102,13.42465],[101.10994,13.42454],[101.10985,13.42449],[101.10958,13.42438],[101.10935,13.42428]]},"properties":{"osm_id":103478344,"rank":1,"name":"ถนนศุขประยูร","ref":"315"}},{"type":"Feature","geometry":{"type":"LineString","coordinates":[[101.09282,13.41981],[101.09255,13.41979]]},"properties":{"osm_id":103478346,"rank":1,"name":"ถนนศุขประยูร","ref":"315"}},{"type":"Feature","geometry":{"type":"LineString","coordinates":[[101.10935,13.42723],[101.10945,13.42672],[101.10955,13.42628],[101.1097,13.42554],[101.10984,13.42494],[101.10991,13.42466],[101.10994,13.42454]]},"properties":{"osm_id":103478347,"rank":1,"name":"ถนนมาบโป่ง - หัวไผ่","ref":"3127"}},{"type":"Feature","geometry":{"type":"LineString","coordinates":[[101.10935,13.42428],[101.10914,13.42419]]},"properties":{"osm_id":103478348,"rank":1,"name":"ถนนศุขประยูร","ref":"315"}},{"type":"Feature","geometry":{"type":"LineString","coordinates":[[101.12445,13.42976],[101.12481,13.42988]]},"properties":{"osm_id":103478350,"rank":1,"name":"ถนนศุขประยูร","ref":"315"}},{"type":"Feature","geometry":{"type":"LineString","coordinates":[[101.11667,13.42723],[101.11888,13.42795],[101.11907,13.42801],[101.11951,13.42815],[101.12138,13.42876],[101.12293,13.42927],[101.12421,13.42969],[101.12445,13.42976]]},"properties":{"osm_id":103478351,"rank":1,"name":"ถนนศุขประยูร","ref":"315"}},{"type":"Feature","geometry":{"type":"LineString","coordinates":[[101.12449,13.42964],[101.12306,13.42918],[101.11915,13.42791],[101.11758,13.4274],[101.11668,13.4271]]},"properties":{"osm_id":103478353,"rank":1,"name":"ถนนศุขประยูร","ref":"315"}},{"type":"Feature","geometry":{"type":"LineString","coordinates":[[101.06811,13.41593],[101.06791,13.41589]]},"properties":{"osm_id":103478355,"rank":1,"name":"ถนนศุขประยูร","ref":"315"}},{"type":"Feature","geometry":{"type":"LineString","coordinates":[[101.11668,13.4271],[101.11642,13.42702]]},"properties":{"osm_id":103478357,"rank":1,"name":"ถนนศุขประยูร","ref":"315"}},{"type":"Feature","geometry":{"type":"LineString","coordinates":[[101.10159,13.4221],[101.10175,13.42213],[101.10246,13.42232],[101.10292,13.42243],[101.10658,13.42335],[101.10673,13.42339],[101.10732,13.42357],[101.10764,13.4237],[101.10801,13.42387],[101.10911,13.42431]]},"properties":{"osm_id":103478359,"rank":1,"name":"ถนนศุขประยูร","ref":"315"}},{"type":"Feature","geometry":{"type":"LineString","coordinates":[[101.06788,13.41601],[101.06809,13.41605]]},"properties":{"osm_id":103478363,"rank":1,"name":"ถนนศุขประยูร","ref":"315"}},{"type":"Feature","geometry":{"type":"LineString","coordinates":[[101.10914,13.42419],[101.10893,13.42411],[101.10843,13.42391],[101.10774,13.42362],[101.10735,13.42346],[101.10716,13.4234],[101.10675,13.42328],[101.10566,13.42301],[101.10376,13.42252],[101.10296,13.42231],[101.1025,13.4222],[101.10176,13.42201],[101.10164,13.42197]]},"properties":{"osm_id":103478364,"rank":1,"name":"ถนนศุขประยูร","ref":"315"}},{"type":"Feature","geometry":{"type":"LineString","coordinates":[[101.0741,13.41728],[101.07438,13.41737],[101.07533,13.41766],[101.07541,13.41769],[101.07567,13.41775],[101.07593,13.41781],[101.0764,13.4179],[101.07672,13.41793],[101.07721,13.41801],[101.07784,13.41812],[101.07834,13.41824],[101.07909,13.41841],[101.08061,13.41877],[101.08112,13.41889],[101.08231,13.41916],[101.08275,13.41926],[101.08318,13.41936],[101.08376,13.41949],[101.08407,13.41953],[101.08433,13.41955],[101.08464,13.41956],[101.08547,13.4196],[101.08604,13.41962],[101.0868,13.41965],[101.08825,13.41971],[101.08992,13.41978],[101.09021,13.4198],[101.0903,13.4198],[101.09069,13.41983],[101.09087,13.41984],[101.09107,13.41985],[101.09134,13.41986],[101.09231,13.4199],[101.09254,13.4199]]},"properties":{"osm_id":103478366,"rank":1,"name":"ถนนศุขประยูร","ref":"315"}},{"type":"Feature","geometry":{"type":"LineString","coordinates":[[101.12481,13.42988],[101.12629,13.43042],[101.12655,13.43052],[101.12892,13.43137],[101.13242,13.43263],[101.13247,13.43265],[101.13482,13.4335],[101.13578,13.43384],[101.13586,13.43387],[101.13627,13.43403],[101.1371,13.4344],[101.13767,13.4347],[101.1381,13.43503],[101.13833,13.43526],[101.13834,13.43527],[101.13901,13.43592],[101.13905,13.43595],[101.13969,13.43652]]},"properties":{"osm_id":103478370,"rank":1,"name":"ถนนศุขประยูร","ref":"315"}},{"type":"Feature","geometry":{"type":"LineString","coordinates":[[101.09254,13.4199],[101.0928,13.41993]]},"properties":{"osm_id":103478371,"rank":1,"name":"ถนนศุขประยูร","ref":"315"}},{"type":"Feature","geometry":{"type":"LineString","coordinates":[[101.17493,13.4501],[101.17384,13.4496],[101.17275,13.4491],[101.17257,13.44902],[101.17239,13.44893],[101.17214,13.44881],[101.17183,13.44865],[101.17179,13.44863],[101.17065,13.44805],[101.16943,13.44742],[101.1688,13.44709],[101.16779,13.44659],[101.16773,13.44656],[101.16732,13.44635],[101.16677,13.44609],[101.16611,13.44586],[101.16602,13.44583],[101.1656,13.4457],[101.16536,13.44565],[101.16527,13.44562],[101.16404,13.44542],[101.16392,13.44539],[101.1629,13.44522],[101.16282,13.44521],[101.16223,13.44511],[101.16179,13.44508],[101.16146,13.44511],[101.16124,13.44514],[101.15974,13.4454],[101.15962,13.44542],[101.15923,13.44546],[101.15884,13.44543]]},"properties":{"osm_id":103478375,"rank":1,"name":"ถนนศุขประยูร","ref":"315"}},{"type":"Feature","geometry":{"type":"LineString","coordinates":[[101.10911,13.42431],[101.10932,13.42439]]},"properties":{"osm_id":103478376,"rank":1,"name":"ถนนศุขประยูร","ref":"315"}},{"type":"Feature","geometry":{"type":"LineString","coordinates":[[101.07397,13.4171],[101.07353,13.41699],[101.07275,13.41683],[101.07135,13.41656],[101.06999,13.4163]]},"properties":{"osm_id":103478377,"rank":1,"name":"ถนนศุขประยูร","ref":"315"}},{"type":"Feature","geometry":{"type":"LineString","coordinates":[[101.14015,13.43669],[101.13973,13.43638]]},"properties":{"osm_id":103478379,"rank":1,"name":"ถนนศุขประยูร","ref":"315"}},{"type":"Feature","geometry":{"type":"LineString","coordinates":[[101.13969,13.43652],[101.14009,13.43679]]},"properties":{"osm_id":103478381,"rank":1,"name":"ถนนศุขประยูร","ref":"315"}},{"type":"Feature","geometry":{"type":"LineString","coordinates":[[101.04421,13.45835],[101.04787,13.45903]]},"properties":{"osm_id":149327679,"rank":1,"name":"ถนนบ้านเก่า-พานทอง","ref":"3466"}},{"type":"Feature","geometry":{"type":"LineString","coordinates":[[101.02703,13.45519],[101.0282,13.45539],[101.02857,13.45545],[101.02978,13.45567],[101.03035,13.45578],[101.03037,13.45578],[101.03085,13.45587],[101.03116,13.45593],[101.03188,13.45606],[101.03253,13.45617],[101.03311,13.45627],[101.03362,13.45636],[101.03466,13.45656],[101.0348,13.45659],[101.03531,13.45667],[101.03543,13.45669],[101.03629,13.45686],[101.0364,13.45688],[101.0369,13.45698],[101.0374,13.45707],[101.03759,13.45711],[101.04026,13.45762]]},"properties":{"osm_id":149327681,"rank":1,"name":"ถนนบ้านเก่า-พานทอง","ref":"3466"}},{"type":"Feature","geometry":{"type":"LineString","coordinates":[[101.04904,13.45925],[101.04951,13.45933],[101.04983,13.45939],[101.05067,13.45954],[101.05219,13.45983]]},"properties":{"osm_id":149327683,"rank":1,"name":"ถนนบ้านเก่า-พานทอง","ref":"3466"}},{"type":"Feature","geometry":{"type":"LineString","coordinates":[[101.10981,13.42461],[101.10975,13.42487],[101.10943,13.42626],[101.10934,13.4267],[101.10923,13.42721]]},"properties":{"osm_id":150328709,"rank":1,"name":"ถนนมาบโป่ง - หัวไผ่","ref":"3127"}},{"type":"Feature","geometry":{"type":"LineString","coordinates":[[101.04679,13.48069],[101.04675,13.48081],[101.04674,13.48088],[101.04712,13.48914],[101.0472,13.49116],[101.04716,13.49194],[101.04705,13.49273]]},"properties":{"osm_id":154980648,"rank":1,"name":null,"ref":"3701"}},{"type":"Feature","geometry":{"type":"LineString","coordinates":[[101.03521,13.50855],[101.03545,13.50826]]},"properties":{"osm_id":154981133,"rank":1,"name":null,"ref":"3701"}},{"type":"Feature","geometry":{"type":"LineString","coordinates":[[101.03463,13.50814],[101.03484,13.50789],[101.03527,13.50738],[101.03851,13.50352],[101.04371,13.49741],[101.04426,13.49675],[101.04515,13.4956],[101.0452,13.4955]]},"properties":{"osm_id":154981139,"rank":1,"name":null,"ref":"3702"}},{"type":"Feature","geometry":{"type":"LineString","coordinates":[[101.03439,13.50842],[101.03463,13.50814]]},"properties":{"osm_id":154981142,"rank":1,"name":null,"ref":"3702"}},{"type":"Feature","geometry":{"type":"LineString","coordinates":[[101.03545,13.50826],[101.03582,13.50782],[101.03617,13.50739],[101.03913,13.50385],[101.03952,13.50339],[101.04227,13.50016],[101.0442,13.49789],[101.0449,13.49706],[101.04568,13.49603],[101.04584,13.49577]]},"properties":{"osm_id":154981147,"rank":1,"name":null,"ref":"3701"}},{"type":"Feature","geometry":{"type":"LineString","coordinates":[[101.04639,13.462],[101.0464,13.45981],[101.04641,13.45891],[101.04641,13.45867]]},"properties":{"osm_id":154981728,"rank":1,"name":null,"ref":"3701"}},{"type":"Feature","geometry":{"type":"LineString","coordinates":[[101.04639,13.46248],[101.04639,13.462]]},"properties":{"osm_id":154981731,"rank":1,"name":null,"ref":"3701"}},{"type":"Feature","geometry":{"type":"LineString","coordinates":[[101.04569,13.45831],[101.04569,13.45649],[101.04572,13.45454]]},"properties":{"osm_id":154981732,"rank":1,"name":null,"ref":"3702"}},{"type":"Feature","geometry":{"type":"LineString","coordinates":[[101.0467,13.48024],[101.04649,13.47563],[101.04638,13.47326],[101.04633,13.47183],[101.04632,13.46964],[101.04636,13.46693],[101.04636,13.46568],[101.04638,13.46368],[101.04638,13.46354],[101.04639,13.46248]]},"properties":{"osm_id":154981733,"rank":1,"name":null,"ref":"3701"}},{"type":"Feature","geometry":{"type":"LineString","coordinates":[[101.04601,13.48067],[101.04574,13.47528],[101.04566,13.47334],[101.04559,13.47113],[101.04561,13.46908],[101.04561,13.46906],[101.04562,13.46654],[101.04563,13.46634],[101.04565,13.46422],[101.04566,13.46244]]},"properties":{"osm_id":154981794,"rank":1,"name":null,"ref":"3702"}},{"type":"Feature","geometry":{"type":"LineString","coordinates":[[101.05896,13.46106],[101.05924,13.46109],[101.05928,13.4611],[101.05952,13.4611],[101.05973,13.46109],[101.05996,13.46106],[101.06061,13.46096],[101.06067,13.46095],[101.06136,13.46083],[101.06198,13.46073],[101.06313,13.46053],[101.06322,13.46052],[101.06462,13.46027],[101.06475,13.46024],[101.06479,13.46024],[101.06485,13.46023],[101.06489,13.46022],[101.06518,13.46017],[101.06584,13.46005],[101.06629,13.45997],[101.06641,13.45994],[101.06673,13.45989],[101.06766,13.45972],[101.06833,13.4596],[101.07057,13.45921],[101.07062,13.45921],[101.07253,13.45887],[101.07261,13.45886],[101.07354,13.45869]]},"properties":{"osm_id":154996371,"rank":1,"name":"ถนนบ้านเก่า-พานทอง","ref":"3466"}},{"type":"Feature","geometry":{"type":"LineString","coordinates":[[101.10009,13.51075],[101.10011,13.51101],[101.10015,13.51165],[101.10012,13.51399],[101.1001,13.5157],[101.09988,13.52406],[101.09983,13.5261],[101.09982,13.5267],[101.09982,13.52709],[101.09982,13.52737],[101.09982,13.52754],[101.09986,13.52821],[101.09991,13.52857],[101.09996,13.52889],[101.10003,13.52928],[101.1001,13.52969],[101.10011,13.52973],[101.10023,13.53022],[101.10035,13.53071],[101.10151,13.53505],[101.10182,13.53599],[101.10254,13.53815],[101.10256,13.53821],[101.10304,13.53963],[101.10337,13.54058],[101.1035,13.54089],[101.10357,13.54101],[101.1036,13.54108],[101.10378,13.54137],[101.10396,13.5416],[101.10444,13.54216],[101.10531,13.54316],[101.10535,13.54321],[101.10537,13.54324],[101.10801,13.54613],[101.10806,13.54617],[101.10837,13.54656],[101.10873,13.54703],[101.1096,13.54818],[101.11004,13.54875],[101.11015,13.5489]]},"properties":{"osm_id":154997346,"rank":1,"name":"ถนนมาบโป่ง - หัวไผ่","ref":"3127"}},{"type":"Feature","geometry":{"type":"LineString","coordinates":[[101.04234,13.41701],[101.04222,13.41736],[101.04214,13.41758],[101.0421,13.41772],[101.04202,13.41804],[101.04192,13.4185],[101.04188,13.4187],[101.04185,13.41881],[101.04179,13.41909],[101.04155,13.42014],[101.04153,13.42023],[101.04134,13.42099],[101.04126,13.42132],[101.04124,13.42142],[101.04109,13.42198],[101.04102,13.42224],[101.04097,13.42242],[101.04088,13.42277],[101.04084,13.42291],[101.04078,13.42315],[101.04077,13.42319],[101.04065,13.42363],[101.04055,13.42399],[101.04054,13.42405],[101.04047,13.42429],[101.0404,13.42457],[101.04028,13.42493],[101.0402,13.42517],[101.04014,13.42536],[101.04002,13.42571],[101.03985,13.42615],[101.03973,13.42638],[101.03954,13.42669],[101.0394,13.42694],[101.03933,13.42704],[101.03902,13.42755],[101.03883,13.42784],[101.03877,13.42793],[101.03859,13.42824],[101.03841,13.42852],[101.03812,13.429],[101.03797,13.42922],[101.03765,13.42975],[101.03733,13.43026],[101.0371,13.43062],[101.03687,13.43099],[101.03657,13.43147],[101.03637,13.43181],[101.03623,13.43203]]},"properties":{"osm_id":155112387,"rank":1,"name":"บ้านเก่า 5","ref":"ชบ.3139"}},{"type":"Feature","geometry":{"type":"LineString","coordinates":[[101.03012,13.44203],[101.02994,13.4419],[101.02839,13.4408],[101.02571,13.43887],[101.02302,13.43696],[101.02255,13.43663],[101.02239,13.43652],[101.02236,13.43649],[101.02234,13.43648],[101.02218,13.43636],[101.02189,13.43616],[101.02038,13.43508],[101.0184,13.43367],[101.01822,13.43356],[101.01801,13.43341],[101.01793,13.43331]]},"properties":{"osm_id":155113546,"rank":2,"name":"ถนนอมตะ","ref":null}},{"type":"Feature","geometry":{"type":"LineString","coordinates":[[101.01787,13.43367],[101.01824,13.4339],[101.02049,13.4355],[101.02173,13.43639],[101.02199,13.43657],[101.02216,13.43669],[101.02222,13.43673],[101.02238,13.43685],[101.02256,13.43697],[101.02263,13.43702]]},"properties":{"osm_id":155113547,"rank":2,"name":"ถนนอมตะ","ref":null}},{"type":"Feature","geometry":{"type":"LineString","coordinates":[[101.0184,13.43367],[101.01829,13.43365],[101.01822,13.43369],[101.01819,13.43375],[101.0182,13.43383],[101.01824,13.4339]]},"properties":{"osm_id":155113555,"rank":2,"name":"ถนนอมตะ","ref":null}},{"type":"Feature","geometry":{"type":"LineString","coordinates":[[101.03828,13.44059],[101.03823,13.44065],[101.03791,13.44101],[101.03776,13.44124],[101.03758,13.44156],[101.03645,13.44352],[101.03617,13.44401],[101.03589,13.44449],[101.0352,13.44568],[101.03498,13.44597],[101.03482,13.44611],[101.03463,13.4462],[101.03441,13.44626],[101.03425,13.44626],[101.03405,13.44623],[101.03386,13.44617],[101.03355,13.44603],[101.03292,13.44575],[101.03209,13.44538],[101.03195,13.44531],[101.03168,13.44518],[101.03046,13.44463],[101.03015,13.44447],[101.02993,13.44432],[101.02975,13.44416],[101.02968,13.4441],[101.02955,13.44396],[101.02942,13.44381],[101.02929,13.44364]]},"properties":{"osm_id":155113556,"rank":2,"name":"ถนนอมตะ","ref":null}},{"type":"Feature","geometry":{"type":"LineString","coordinates":[[101.01533,13.42902],[101.01519,13.42999],[101.01496,13.43157],[101.01492,13.43169],[101.01485,13.43181],[101.01474,13.43189],[101.01455,13.432],[101.01385,13.43234],[101.01365,13.43246],[101.01356,13.43256],[101.0135,13.43271],[101.01349,13.43284],[101.0136,13.43371],[101.01372,13.43463],[101.01377,13.43501],[101.01379,13.4351],[101.01384,13.43518],[101.01392,13.43523],[101.01406,13.43527],[101.01488,13.43538],[101.01647,13.4356],[101.01715,13.43569],[101.01754,13.43575]]},"properties":{"osm_id":155114253,"rank":2,"name":"ถนนนิคมอุตสาหกรรมอมตะนคร","ref":null}},{"type":"Feature","geometry":{"type":"LineString","coordinates":[[101.02234,13.43648],[101.02216,13.43669]]},"properties":{"osm_id":155117897,"rank":2,"name":"ถนนอมตะ","ref":null}},{"type":"Feature","geometry":{"type":"LineString","coordinates":[[101.01522,13.42372],[101.01523,13.42373],[101.01556,13.42398],[101.01577,13.42406]]},"properties":{"osm_id":155117903,"rank":2,"name":"ถนนอมตะ","ref":null}},{"type":"Feature","geometry":{"type":"LineString","coordinates":[[101.02199,13.43657],[101.0221,13.43658],[101.02219,13.43654],[101.02221,13.43645],[101.02218,13.43636]]},"properties":{"osm_id":155117906,"rank":2,"name":"ถนนอมตะ","ref":null}},{"type":"Feature","geometry":{"type":"LineString","coordinates":[[101.01498,13.4234],[101.0146,13.4231],[101.01371,13.42244],[101.01365,13.42238],[101.01282,13.42177],[101.01258,13.4216],[101.01229,13.42144],[101.01206,13.42134],[101.01178,13.42126],[101.0117,13.42124],[101.01161,13.42122],[101.01154,13.42121],[101.01105,13.42115],[101.0097,13.421],[101.00824,13.42084],[101.00727,13.42074],[101.00624,13.42062],[101.00574,13.42056],[101.00561,13.42055],[101.0054,13.42054],[101.00532,13.42054],[101.00521,13.42053],[101.00503,13.42054],[101.00494,13.42056],[101.00471,13.42059],[101.00446,13.42065],[101.00425,13.42072],[101.00406,13.42079],[101.00388,13.42088],[101.00365,13.42103],[101.00363,13.42104],[101.00361,13.42105],[101.00323,13.42134],[101.00291,13.42158],[101.00252,13.42188],[101.00243,13.42195],[101.00199,13.42228],[101.00171,13.42249],[101.00166,13.42253],[101.00157,13.4226],[101.00131,13.4228]]},"properties":{"osm_id":155117908,"rank":2,"name":"ถนนอมตะ","ref":null}},{"type":"Feature","geometry":{"type":"LineString","coordinates":[[101.02255,13.43663],[101.02248,13.43663],[101.02237,13.43667],[101.02236,13.43677],[101.02238,13.43685]]},"properties":{"osm_id":155117910,"rank":2,"name":"ถนนอมตะ","ref":null}},{"type":"Feature","geometry":{"type":"LineString","coordinates":[[101.02222,13.43673],[101.02239,13.43652]]},"properties":{"osm_id":155117914,"rank":2,"name":"ถนนอมตะ","ref":null}},{"type":"Feature","geometry":{"type":"LineString","coordinates":[[101.02331,13.43237],[101.02262,13.43187],[101.02244,13.43173],[101.02228,13.4316],[101.0215,13.43081],[101.02057,13.42988],[101.02046,13.42979],[101.02033,13.42972],[101.02016,13.42967],[101.01853,13.42945],[101.01843,13.42943],[101.01734,13.42929],[101.01645,13.42917],[101.01598,13.4291],[101.01533,13.42902],[101.01461,13.4289],[101.01392,13.42884],[101.01335,13.42873],[101.01297,13.42866],[101.0128,13.42864],[101.01268,13.42864],[101.01247,13.42871],[101.01235,13.42884],[101.01207,13.42928],[101.01189,13.42951],[101.01175,13.42961],[101.01155,13.42967],[101.01127,13.4297],[101.0112,13.4297],[101.01034,13.4298]]},"properties":{"osm_id":155120131,"rank":2,"name":"ถนนนิคมอุตสาหกรรมอมตะนคร","ref":null}},{"type":"Feature","geometry":{"type":"LineString","coordinates":[[101.01299,13.42764],[101.01263,13.42838],[101.01247,13.42871]]},"properties":{"osm_id":155126578,"rank":2,"name":"ถนนนิคมอุตสาหกรรมอมตะนคร","ref":null}},{"type":"Feature","geometry":{"type":"LineString","coordinates":[[101.01831,13.52864],[101.02171,13.52453],[101.02194,13.52427],[101.02283,13.52323],[101.02421,13.52162],[101.02641,13.51895],[101.0304,13.51423],[101.0316,13.51281],[101.03247,13.51178]]},"properties":{"osm_id":155136164,"rank":1,"name":null,"ref":"3701"}},{"type":"Feature","geometry":{"type":"LineString","coordinates":[[101.01809,13.52889],[101.01831,13.52864]]},"properties":{"osm_id":155136165,"rank":1,"name":null,"ref":"3701"}},{"type":"Feature","geometry":{"type":"LineString","coordinates":[[101.0176,13.52837],[101.01737,13.52863]]},"properties":{"osm_id":155136167,"rank":1,"name":null,"ref":"3702"}},{"type":"Feature","geometry":{"type":"LineString","coordinates":[[101.01737,13.52863],[101.01717,13.52887],[101.01703,13.52903],[101.01457,13.53189],[101.01425,13.53227],[101.01173,13.53525],[101.01128,13.53567],[101.01083,13.53609],[101.00928,13.53748],[101.00853,13.53835],[101.00795,13.53901],[101.00719,13.54002],[101.00669,13.54084],[101.00562,13.54257],[101.0047,13.54363],[101.00455,13.54382]]},"properties":{"osm_id":155136169,"rank":1,"name":null,"ref":"3702"}},{"type":"Feature","geometry":{"type":"LineString","coordinates":[[101.05301,13.4497],[101.05281,13.45005],[101.05261,13.45038],[101.0524,13.45081],[101.05233,13.45098],[101.05206,13.4516],[101.05194,13.45186],[101.05178,13.45221],[101.05146,13.45293],[101.05145,13.45296],[101.05121,13.45342],[101.05108,13.45383],[101.051,13.45423],[101.05099,13.45434],[101.05094,13.45468],[101.05081,13.45581],[101.05077,13.45609],[101.05067,13.45648],[101.05063,13.45657],[101.05051,13.45685],[101.05033,13.45716],[101.05004,13.45759]]},"properties":{"osm_id":155249865,"rank":2,"name":"นิคมอุตสาหกรรม อมตะนคร","ref":null}},{"type":"Feature","geometry":{"type":"LineString","coordinates":[[101.04984,13.45931],[101.04988,13.4592],[101.04993,13.45893],[101.04992,13.45863],[101.04988,13.45836],[101.04991,13.45815],[101.04999,13.45788],[101.05004,13.45759]]},"properties":{"osm_id":155250667,"rank":2,"name":"นิคมอุยสาหกรรม อมตะนคร","ref":null}},{"type":"Feature","geometry":{"type":"LineString","coordinates":[[101.05651,13.45586],[101.05633,13.45575],[101.05515,13.45506],[101.05409,13.45445],[101.05342,13.45406],[101.05146,13.45293]]},"properties":{"osm_id":155250678,"rank":2,"name":"นิคมอุตสาหกรรม อมตะนคร","ref":null}},{"type":"Feature","geometry":{"type":"LineString","coordinates":[[101.05387,13.44971],[101.05452,13.45011],[101.05475,13.45028],[101.05492,13.45043],[101.05527,13.45074],[101.05551,13.45094],[101.05592,13.45128],[101.05609,13.45143],[101.05643,13.45171],[101.05755,13.45264],[101.05787,13.45286],[101.05819,13.45299],[101.05846,13.45308],[101.05861,13.4531],[101.05876,13.45312],[101.05896,13.45312],[101.05928,13.45308],[101.06008,13.45291],[101.06062,13.45282],[101.06097,13.45282],[101.06126,13.45288],[101.0615,13.45298],[101.06166,13.45309],[101.06185,13.45325],[101.06207,13.45349],[101.0621,13.45354],[101.06226,13.45378],[101.06247,13.45411],[101.06291,13.45482],[101.06297,13.4549],[101.06318,13.45507],[101.06338,13.45522],[101.06347,13.45524],[101.06365,13.45529],[101.06384,13.45532],[101.06394,13.45531],[101.06429,13.45528],[101.0646,13.45517],[101.06484,13.45505],[101.06499,13.45497],[101.06537,13.45486],[101.06568,13.45481],[101.06608,13.45482],[101.06648,13.45484],[101.06695,13.45486],[101.06759,13.45489],[101.06856,13.45493],[101.06952,13.45494],[101.07005,13.45498]]},"properties":{"osm_id":155250680,"rank":2,"name":"ถนนอมตะ","ref":null}},{"type":"Feature","geometry":{"type":"LineString","coordinates":[[101.07747,13.44894],[101.07687,13.44927],[101.07652,13.44947],[101.07559,13.44999]]},"properties":{"osm_id":155251880,"rank":2,"name":"ถนนอมตะ","ref":null}},{"type":"Feature","geometry":{"type":"LineString","coordinates":[[101.07744,13.44327],[101.07702,13.44317],[101.07694,13.44315],[101.07644,13.44307],[101.07574,13.44304],[101.07475,13.44296],[101.07464,13.44295],[101.07344,13.44274],[101.07329,13.44273],[101.07282,13.44269],[101.07232,13.44256],[101.07195,13.44247]]},"properties":{"osm_id":155251884,"rank":2,"name":"ถนนอมตะ","ref":null}},{"type":"Feature","geometry":{"type":"LineString","coordinates":[[101.07744,13.44327],[101.07793,13.44329],[101.07914,13.44334],[101.08,13.44339],[101.08016,13.44339],[101.08057,13.44341],[101.08123,13.44344],[101.08179,13.44347],[101.082,13.44347],[101.0832,13.44353],[101.08337,13.44354],[101.0847,13.44359],[101.08497,13.44356],[101.08508,13.44353],[101.08524,13.44349],[101.08547,13.44339],[101.08565,13.44327],[101.08609,13.44297],[101.08645,13.44278],[101.08657,13.44273],[101.08671,13.44268],[101.08701,13.44261],[101.08707,13.4426],[101.08729,13.44258],[101.08738,13.44257],[101.08769,13.44259],[101.08802,13.44261]]},"properties":{"osm_id":155252826,"rank":2,"name":"ถนนอมตะ","ref":null}},{"type":"Feature","geometry":{"type":"LineString","coordinates":[[101.09526,13.44308],[101.09518,13.44307],[101.09481,13.44306],[101.09468,13.44305],[101.09435,13.443],[101.09414,13.44296],[101.0941,13.44295]]},"properties":{"osm_id":155252838,"rank":2,"name":"ถนนอมตะ","ref":null}},{"type":"Feature","geometry":{"type":"LineString","coordinates":[[101.07195,13.44247],[101.07177,13.44243],[101.07088,13.44216],[101.07071,13.44211],[101.07054,13.44206],[101.06949,13.44168],[101.06934,13.44163],[101.06873,13.44142],[101.06856,13.44135],[101.06853,13.44134],[101.06833,13.44127],[101.06748,13.44097],[101.06681,13.44073],[101.06578,13.44035],[101.06355,13.43956],[101.06296,13.43934],[101.0617,13.43901],[101.06163,13.43899]]},"properties":{"osm_id":155256918,"rank":2,"name":"ถนนอมตะ","ref":null}},{"type":"Feature","geometry":{"type":"LineString","coordinates":[[101.06298,13.42903],[101.06297,13.42914],[101.06291,13.42941],[101.06282,13.42992],[101.06275,13.43021],[101.06256,13.43104],[101.06251,13.43126],[101.06245,13.43152],[101.06241,13.43169],[101.06201,13.43348],[101.06199,13.43356],[101.06173,13.4344],[101.06173,13.43441],[101.06151,13.43513],[101.06142,13.43543],[101.0614,13.4355],[101.06131,13.43577],[101.06121,13.43609],[101.0612,13.43615],[101.06116,13.43629],[101.0611,13.43645],[101.06101,13.43671],[101.06091,13.43702],[101.06076,13.43745],[101.06059,13.43792],[101.06057,13.438],[101.06049,13.43819],[101.06045,13.43831],[101.0604,13.43842],[101.06033,13.43856],[101.06017,13.4389],[101.06001,13.43924],[101.05993,13.43941],[101.05978,13.4397],[101.05963,13.44001],[101.05957,13.44013],[101.05954,13.44028],[101.05953,13.44037],[101.05952,13.44043],[101.05952,13.44062],[101.0595,13.44101],[101.0595,13.44121],[101.05947,13.4417],[101.05946,13.44193],[101.05944,13.44238],[101.05941,13.44292],[101.05936,13.44347],[101.05935,13.4435],[101.05935,13.44354],[101.05935,13.44359],[101.05913,13.44615],[101.05892,13.44865],[101.05885,13.44942],[101.05883,13.44987],[101.05883,13.45022],[101.05883,13.45063],[101.05884,13.45104],[101.05888,13.45162],[101.05896,13.45312],[101.05904,13.45449],[101.05905,13.45471],[101.05908,13.45562],[101.05908,13.45566],[101.05909,13.45569],[101.05908,13.45583],[101.05908,13.45588],[101.05907,13.45619],[101.05907,13.45657],[101.05906,13.45697],[101.05905,13.45753],[101.05902,13.45846],[101.05902,13.45854],[101.05902,13.45855],[101.05902,13.45859],[101.05901,13.45889],[101.05898,13.46046],[101.05897,13.46099]]},"properties":{"osm_id":155256950,"rank":1,"name":"บ้านเก่า - หนองตำลึง","ref":"ชบ.3022"}},{"type":"Feature","geometry":{"type":"LineString","coordinates":[[101.06786,13.4488],[101.06786,13.44854],[101.06782,13.44844],[101.06775,13.44838],[101.06732,13.44841],[101.06655,13.44847],[101.06618,13.4485],[101.06586,13.44852],[101.0657,13.44854],[101.06565,13.44928],[101.06563,13.44961],[101.06562,13.44975]]},"properties":{"osm_id":155259390,"rank":2,"name":"นิคมอุตสาหกรรม อมตะนคร","ref":null}},{"type":"Feature","geometry":{"type":"LineString","coordinates":[[101.06788,13.45313],[101.06789,13.4525],[101.0679,13.45188],[101.06791,13.45124],[101.06792,13.4506],[101.06792,13.45027],[101.06792,13.44991],[101.06786,13.4488]]},"properties":{"osm_id":155259396,"rank":2,"name":"นิคมอุตสาหกรรม อมตะนคร","ref":null}},{"type":"Feature","geometry":{"type":"LineString","coordinates":[[101.07178,13.45505],[101.07135,13.45502],[101.07102,13.455],[101.07005,13.45498]]},"properties":{"osm_id":155259419,"rank":2,"name":"ถนนอมตะ","ref":null}},{"type":"Feature","geometry":{"type":"LineString","coordinates":[[101.07102,13.455],[101.0709,13.45496],[101.07084,13.45493],[101.0708,13.45481],[101.07082,13.45473],[101.07089,13.45458],[101.07123,13.45407],[101.07154,13.45356],[101.07178,13.45318],[101.07199,13.45281],[101.07203,13.45276],[101.07214,13.45258],[101.07241,13.45215],[101.07257,13.45193],[101.07287,13.4516],[101.07344,13.45114],[101.07349,13.45111],[101.07356,13.45105]]},"properties":{"osm_id":155259422,"rank":2,"name":"ถนนอมตะ","ref":null}},{"type":"Feature","geometry":{"type":"LineString","coordinates":[[101.0624,13.44608],[101.06238,13.44627],[101.0623,13.44747],[101.06228,13.44767],[101.06226,13.44804],[101.06224,13.4483],[101.0622,13.44876],[101.06218,13.44909],[101.06206,13.45086],[101.06201,13.45155],[101.06197,13.45205],[101.06192,13.45226],[101.06189,13.45236],[101.06186,13.45243],[101.06174,13.45262],[101.0615,13.45298]]},"properties":{"osm_id":155260295,"rank":2,"name":"นิคมอุตสาหกรรม อมตะนคร","ref":null}},{"type":"Feature","geometry":{"type":"LineString","coordinates":[[101.01218,13.43576],[101.01197,13.4369],[101.01178,13.43798],[101.01176,13.43814],[101.01178,13.43828],[101.01182,13.43846],[101.01281,13.44135],[101.01303,13.44199],[101.0131,13.44225],[101.01312,13.44251],[101.01315,13.44277],[101.01308,13.44403],[101.01304,13.44475],[101.01297,13.44591],[101.01286,13.44787]]},"properties":{"osm_id":155394188,"rank":2,"name":"ถนนนิคมอุตสาหกรรมอมตะนคร","ref":null}},{"type":"Feature","geometry":{"type":"LineString","coordinates":[[101.0128,13.42864],[101.01272,13.42857],[101.01267,13.42849],[101.01263,13.42838]]},"properties":{"osm_id":155395123,"rank":2,"name":"ถนนนิคมอุตสาหกรรมอมตะนคร","ref":null}},{"type":"Feature","geometry":{"type":"LineString","coordinates":[[101.03856,13.44076],[101.03849,13.44072],[101.03842,13.44068],[101.03833,13.44063],[101.03828,13.44059]]},"properties":{"osm_id":155408501,"rank":2,"name":"ถนนอมตะ","ref":null}},{"type":"Feature","geometry":{"type":"LineString","coordinates":[[101.03791,13.44101],[101.03806,13.44091],[101.03822,13.44084],[101.03837,13.44082],[101.03849,13.44083],[101.0386,13.44085],[101.03856,13.44076],[101.03851,13.44065],[101.03849,13.44055],[101.03848,13.44045],[101.03851,13.44037],[101.03856,13.44024]]},"properties":{"osm_id":155408502,"rank":2,"name":"ถนนอมตะ","ref":null}},{"type":"Feature","geometry":{"type":"LineString","coordinates":[[101.04642,13.45427],[101.04644,13.45374],[101.04646,13.4523],[101.04654,13.44578],[101.04654,13.44544],[101.04658,13.44205],[101.04672,13.43781],[101.04685,13.4333],[101.04712,13.42386],[101.04723,13.41967],[101.04729,13.41759],[101.04732,13.41682],[101.04735,13.41634],[101.04733,13.41548],[101.04737,13.41451],[101.04739,13.41407],[101.04742,13.41321],[101.04742,13.41316],[101.04743,13.41303],[101.04745,13.41274],[101.04752,13.41231],[101.04769,13.41182],[101.04789,13.41139],[101.04811,13.41105],[101.04838,13.41072],[101.04896,13.40996],[101.04955,13.40916],[101.04969,13.40901],[101.04983,13.409],[101.05006,13.40907],[101.05014,13.40904],[101.05021,13.40892]]},"properties":{"osm_id":155408504,"rank":1,"name":null,"ref":"3701"}},{"type":"Feature","geometry":{"type":"LineString","coordinates":[[101.04398,13.44437],[101.04439,13.44462],[101.04474,13.44479],[101.04512,13.44497],[101.04559,13.44518],[101.04681,13.44571],[101.04732,13.44594],[101.04782,13.44616]]},"properties":{"osm_id":155408505,"rank":2,"name":"ถนนอมตะ","ref":null}},{"type":"Feature","geometry":{"type":"LineString","coordinates":[[101.04398,13.44437],[101.04337,13.44398],[101.04182,13.44296],[101.04153,13.44278],[101.04133,13.44264],[101.03974,13.4416],[101.0386,13.44085]]},"properties":{"osm_id":155408506,"rank":2,"name":"ถนนอมตะ","ref":null}},{"type":"Feature","geometry":{"type":"LineString","coordinates":[[101.04643,13.45455],[101.04642,13.45427]]},"properties":{"osm_id":155408508,"rank":1,"name":null,"ref":"3701"}},{"type":"Feature","geometry":{"type":"LineString","coordinates":[[101.04572,13.45454],[101.04572,13.45426]]},"properties":{"osm_id":155408509,"rank":1,"name":null,"ref":"3702"}},{"type":"Feature","geometry":{"type":"LineString","coordinates":[[101.04782,13.44616],[101.04837,13.44642],[101.04877,13.44663],[101.0489,13.44669]]},"properties":{"osm_id":155408510,"rank":2,"name":"ถนนอมตะ","ref":null}},{"type":"Feature","geometry":{"type":"LineString","coordinates":[[101.04572,13.45426],[101.04572,13.45347],[101.04571,13.44962],[101.04578,13.44221],[101.04604,13.43264],[101.04614,13.42985],[101.04636,13.42344],[101.04645,13.41968],[101.0465,13.41733],[101.04658,13.41563],[101.04664,13.4152],[101.04662,13.41367],[101.04661,13.41293],[101.04661,13.41255],[101.04659,13.41218],[101.04655,13.41201],[101.04648,13.41194],[101.04643,13.41194]]},"properties":{"osm_id":155408677,"rank":1,"name":null,"ref":"3702"}},{"type":"Feature","geometry":{"type":"LineString","coordinates":[[101.04493,13.44906],[101.04456,13.44948],[101.04447,13.44957],[101.04406,13.45003],[101.04396,13.45014],[101.04392,13.45019],[101.04355,13.45058],[101.04242,13.44966],[101.04213,13.44944],[101.042,13.44937],[101.04184,13.44933],[101.04169,13.44933],[101.04153,13.44939],[101.0414,13.44949],[101.04116,13.44971],[101.03994,13.45086]]},"properties":{"osm_id":155409315,"rank":2,"name":"นิคมอุตสาหกรรม อมตะนคร","ref":null}},{"type":"Feature","geometry":{"type":"LineString","coordinates":[[101.04384,13.44814],[101.04493,13.44906],[101.0455,13.44954],[101.04571,13.44962]]},"properties":{"osm_id":155409321,"rank":2,"name":"นิคมอุตสาหกรรม อมตะนคร","ref":null}},{"type":"Feature","geometry":{"type":"LineString","coordinates":[[101.03831,13.44919],[101.03924,13.45014],[101.03947,13.45038],[101.03955,13.45046],[101.03994,13.45086],[101.04047,13.45139],[101.04058,13.45152],[101.04063,13.45158],[101.04072,13.45174],[101.04076,13.45191],[101.04077,13.45208],[101.04075,13.45226],[101.04066,13.45283]]},"properties":{"osm_id":155409324,"rank":2,"name":"นิคมอุตสาหกรรม อมตะนคร","ref":null}},{"type":"Feature","geometry":{"type":"LineString","coordinates":[[101.03036,13.45571],[101.0308,13.45336],[101.03088,13.45301],[101.03102,13.45268],[101.03122,13.45241],[101.03141,13.45222],[101.03168,13.45201],[101.03209,13.45184],[101.03244,13.45177],[101.03448,13.45148],[101.03574,13.4513],[101.03589,13.45126],[101.03605,13.45121],[101.0362,13.45113],[101.03634,13.45102],[101.0365,13.45087],[101.03717,13.45025],[101.03776,13.4497],[101.03831,13.44919],[101.03897,13.44858],[101.03926,13.44831],[101.03936,13.44822],[101.03964,13.44796],[101.04016,13.44748],[101.04052,13.44715],[101.04085,13.44684],[101.04118,13.44653],[101.04149,13.44624],[101.04203,13.44573],[101.0421,13.44567],[101.04221,13.44557],[101.04227,13.44551],[101.04247,13.44526],[101.04252,13.44519],[101.04265,13.44499],[101.04286,13.44469],[101.04337,13.44398]]},"properties":{"osm_id":155409335,"rank":2,"name":"นิคมอุตสาหกรรม อมตะนคร","ref":null}},{"type":"Feature","geometry":{"type":"LineString","coordinates":[[101.03312,13.44],[101.03346,13.43948],[101.03506,13.43702],[101.03521,13.43683],[101.03532,13.43676],[101.03545,13.43675],[101.03558,13.43682],[101.03598,13.4371],[101.03753,13.43819],[101.0392,13.43929]]},"properties":{"osm_id":155616071,"rank":2,"name":"นิคมอุตสาหกรรม อมตะนคร","ref":null}},{"type":"Feature","geometry":{"type":"LineString","coordinates":[[101.12364,13.55138],[101.12381,13.55149]]},"properties":{"osm_id":155761524,"rank":1,"name":"ถนนมาบโป่ง - หัวไผ่","ref":"3127"}},{"type":"Feature","geometry":{"type":"LineString","coordinates":[[101.12381,13.55149],[101.12398,13.55161],[101.12436,13.55188],[101.12613,13.55307],[101.12623,13.55313],[101.12678,13.55349],[101.12705,13.55367],[101.12723,13.55379],[101.12788,13.55423],[101.12795,13.55427],[101.12815,13.55441],[101.12836,13.55454],[101.12869,13.55475],[101.12918,13.55506],[101.12942,13.55525],[101.12952,13.55533],[101.13016,13.55593],[101.13022,13.556],[101.13054,13.55631],[101.13068,13.55645],[101.13215,13.55789],[101.13226,13.55799],[101.13244,13.55817],[101.13291,13.55864],[101.13294,13.55867],[101.13318,13.55891],[101.13374,13.55945],[101.13475,13.56042]]},"properties":{"osm_id":155761525,"rank":1,"name":"ถนนมาบโป่ง - หัวไผ่","ref":"3127"}},{"type":"Feature","geometry":{"type":"LineString","coordinates":[[101.16847,13.47944],[101.1682,13.48055],[101.16809,13.48101],[101.16802,13.48124],[101.168,13.48133],[101.16795,13.48153],[101.16792,13.48163],[101.16779,13.48215],[101.16738,13.4839],[101.16693,13.48572],[101.16658,13.48713],[101.16638,13.48792],[101.16578,13.49035],[101.16518,13.49264],[101.16494,13.49361],[101.16478,13.49416],[101.16462,13.49453],[101.16426,13.49518],[101.16314,13.49728],[101.16227,13.49888],[101.16169,13.49993],[101.16073,13.50171],[101.16038,13.50235],[101.16029,13.5025],[101.15985,13.50327],[101.1597,13.50358],[101.15857,13.50565],[101.15802,13.50665],[101.15787,13.50699],[101.15779,13.50723],[101.15764,13.50778],[101.15744,13.50848],[101.15712,13.50956],[101.15675,13.51085],[101.15658,13.51141]]},"properties":{"osm_id":157364362,"rank":1,"name":"ถนนศุขประยูร","ref":"315"}},{"type":"Feature","geometry":{"type":"LineString","coordinates":[[101.01507,13.38696],[101.01462,13.38665],[101.01415,13.38631],[101.01405,13.3863]]},"properties":{"osm_id":176161627,"rank":1,"name":"ถนนศุขประยูร","ref":"315"}},{"type":"Feature","geometry":{"type":"LineString","coordinates":[[101.01405,13.3863],[101.0141,13.38638],[101.0143,13.38652],[101.01456,13.38672],[101.01501,13.38704]]},"properties":{"osm_id":176161630,"rank":1,"name":"ถนนศุขประยูร","ref":"315"}},{"type":"Feature","geometry":{"type":"LineString","coordinates":[[101.04762,13.39575],[101.04758,13.39537],[101.04731,13.39287],[101.04726,13.39241],[101.04722,13.39197],[101.0472,13.39183],[101.0472,13.39152],[101.04715,13.39124],[101.04711,13.391],[101.04706,13.39064],[101.04697,13.39009],[101.04696,13.39003],[101.04684,13.38948],[101.04683,13.38943],[101.0467,13.38875],[101.04664,13.38847],[101.04656,13.38802],[101.04649,13.38752],[101.04645,13.38728],[101.04633,13.38665],[101.04618,13.38602],[101.04603,13.38526],[101.04596,13.38491],[101.04538,13.38296],[101.04481,13.3812]]},"properties":{"osm_id":181423682,"rank":1,"name":null,"ref":"3701"}},{"type":"Feature","geometry":{"type":"LineString","coordinates":[[101.04288,13.37503],[101.04282,13.37481],[101.04265,13.37431],[101.04206,13.37251],[101.04145,13.37064],[101.04133,13.37028],[101.04094,13.36907],[101.04076,13.36849],[101.0404,13.36736],[101.03989,13.36566],[101.03942,13.36423],[101.03916,13.3634],[101.0389,13.36267]]},"properties":{"osm_id":181423683,"rank":1,"name":null,"ref":"3701"}},{"type":"Feature","geometry":{"type":"LineString","coordinates":[[101.04288,13.37503],[101.04323,13.37614],[101.04359,13.37732],[101.044,13.37862],[101.04425,13.37944],[101.04481,13.3812]]},"properties":{"osm_id":181423685,"rank":1,"name":null,"ref":"3701"}},{"type":"Feature","geometry":{"type":"LineString","coordinates":[[101.0389,13.36267],[101.03885,13.36255],[101.03856,13.36191],[101.03812,13.36081],[101.03781,13.36012],[101.03759,13.35963]]},"properties":{"osm_id":181423945,"rank":1,"name":null,"ref":"3701"}},{"type":"Feature","geometry":{"type":"LineString","coordinates":[[101.07071,13.44211],[101.07147,13.44242],[101.07176,13.44261],[101.07185,13.44284],[101.07187,13.44306],[101.07191,13.44343]]},"properties":{"osm_id":189775702,"rank":2,"name":"ถนนอมตะ","ref":null}},{"type":"Feature","geometry":{"type":"LineString","coordinates":[[100.99738,13.55337],[100.9973,13.55345],[100.99726,13.55357],[100.99729,13.55369],[100.99744,13.55412],[100.99752,13.55419],[100.99763,13.5542],[100.99773,13.55417],[100.99779,13.55408]]},"properties":{"osm_id":219935696,"rank":1,"name":null,"ref":"3701"}},{"type":"Feature","geometry":{"type":"LineString","coordinates":[[100.99389,13.55397],[100.99369,13.55417],[100.9934,13.55444],[100.99282,13.55496],[100.99264,13.55506],[100.99247,13.55508],[100.99232,13.55504],[100.99217,13.55494],[100.99195,13.55474],[100.99172,13.55451]]},"properties":{"osm_id":219935697,"rank":1,"name":null,"ref":"3702"}},{"type":"Feature","geometry":{"type":"LineString","coordinates":[[100.99587,13.56017],[100.99597,13.55991],[100.99628,13.55917],[100.99705,13.55735],[100.99708,13.55727],[100.99787,13.55528],[100.99792,13.55499],[100.99793,13.55472],[100.99792,13.55469],[100.99785,13.55435],[100.99779,13.55408],[100.99777,13.55385],[100.99769,13.55377],[100.99757,13.55372],[100.99747,13.55371],[100.99739,13.55365],[100.99735,13.55353],[100.99738,13.55337]]},"properties":{"osm_id":219935702,"rank":1,"name":null,"ref":"3701"}},{"type":"Feature","geometry":{"type":"LineString","coordinates":[[100.99633,13.55223],[100.99608,13.55226],[100.99582,13.55232],[100.99574,13.55236],[100.99556,13.55245],[100.99529,13.55263],[100.995,13.5529],[100.99389,13.55397]]},"properties":{"osm_id":219935704,"rank":1,"name":null,"ref":"3702"}},{"type":"Feature","geometry":{"type":"LineString","coordinates":[[101.00537,13.54405],[101.00567,13.5437],[101.00603,13.54335],[101.00639,13.54301],[101.00714,13.54236],[101.00759,13.54197],[101.00802,13.54157],[101.00846,13.54108],[101.00889,13.54057],[101.00968,13.53963],[101.01003,13.53919],[101.01036,13.53867],[101.0106,13.53826],[101.01085,13.53784],[101.0109,13.53776],[101.01153,13.53674],[101.01183,13.53633],[101.01292,13.53501],[101.01302,13.53489],[101.0132,13.53467],[101.0153,13.53218],[101.01809,13.52889]]},"properties":{"osm_id":219935726,"rank":1,"name":null,"ref":"3701"}},{"type":"Feature","geometry":{"type":"LineString","coordinates":[[100.99978,13.55056],[100.99993,13.55038],[101.00303,13.54667]]},"properties":{"osm_id":219935727,"rank":1,"name":null,"ref":"3701"}},{"type":"Feature","geometry":{"type":"LineString","coordinates":[[101.00303,13.54667],[101.00383,13.54574]]},"properties":{"osm_id":219935728,"rank":1,"name":null,"ref":"3701"}},{"type":"Feature","geometry":{"type":"LineString","coordinates":[[101.00383,13.54574],[101.00404,13.5456],[101.0042,13.54548]]},"properties":{"osm_id":219935729,"rank":1,"name":null,"ref":"3701"}},{"type":"Feature","geometry":{"type":"LineString","coordinates":[[100.99738,13.55337],[100.99818,13.55246],[100.99901,13.55147],[100.99978,13.55056]]},"properties":{"osm_id":219935731,"rank":1,"name":null,"ref":"3701"}},{"type":"Feature","geometry":{"type":"LineString","coordinates":[[101.00422,13.54519],[101.00405,13.5454],[101.00393,13.5456],[101.00383,13.54574]]},"properties":{"osm_id":219935732,"rank":1,"name":null,"ref":"3701"}},{"type":"Feature","geometry":{"type":"LineString","coordinates":[[101.0042,13.54548],[101.00422,13.54546],[101.00424,13.54544],[101.00469,13.54491],[101.00501,13.54453],[101.00537,13.54405]]},"properties":{"osm_id":219935733,"rank":1,"name":null,"ref":"3701"}},{"type":"Feature","geometry":{"type":"LineString","coordinates":[[101.00537,13.54405],[101.00517,13.54423],[101.00485,13.54449],[101.00461,13.54475],[101.00457,13.54479],[101.00422,13.54519]]},"properties":{"osm_id":219935734,"rank":1,"name":null,"ref":"3701"}},{"type":"Feature","geometry":{"type":"LineString","coordinates":[[101.15345,13.52221],[101.15338,13.52244]]},"properties":{"osm_id":306422134,"rank":1,"name":"ถนนศุขประยูร","ref":"315"}},{"type":"Feature","geometry":{"type":"LineString","coordinates":[[101.15658,13.51141],[101.15656,13.51147],[101.15648,13.51171],[101.15647,13.51177]]},"properties":{"osm_id":306422136,"rank":1,"name":"ถนนศุขประยูร","ref":"315"}},{"type":"Feature","geometry":{"type":"LineString","coordinates":[[101.15027,13.53172],[101.15126,13.52915],[101.15177,13.52774],[101.15229,13.52629],[101.15237,13.52608],[101.15245,13.52587],[101.15277,13.525],[101.15348,13.52248]]},"properties":{"osm_id":306422137,"rank":1,"name":"ถนนศุขประยูร","ref":"315"}},{"type":"Feature","geometry":{"type":"LineString","coordinates":[[101.15647,13.51177],[101.15627,13.51249],[101.15621,13.51269],[101.15612,13.51303],[101.15579,13.5142],[101.15572,13.51444],[101.15525,13.51607],[101.15511,13.51653],[101.15438,13.51902],[101.15436,13.5191],[101.15434,13.51916],[101.15345,13.52221]]},"properties":{"osm_id":306422138,"rank":1,"name":"ถนนศุขประยูร","ref":"315"}},{"type":"Feature","geometry":{"type":"LineString","coordinates":[[101.04957,13.44715],[101.04979,13.44728],[101.05007,13.44745],[101.05065,13.4478],[101.05099,13.44801],[101.05144,13.44829],[101.05181,13.44852],[101.0527,13.44905],[101.05288,13.44916],[101.05298,13.44928],[101.05303,13.44944]]},"properties":{"osm_id":333394985,"rank":2,"name":"ถนนอมตะ","ref":null}},{"type":"Feature","geometry":{"type":"LineString","coordinates":[[101.04804,13.4033],[101.04788,13.40316],[101.04681,13.40173],[101.04673,13.40159],[101.04669,13.40147],[101.04672,13.40012],[101.04674,13.3992],[101.04689,13.39768],[101.04692,13.39673],[101.04692,13.39661],[101.04692,13.3963],[101.04688,13.39569],[101.04687,13.39554],[101.04685,13.39528],[101.04683,13.39487],[101.0467,13.39357],[101.04666,13.39322],[101.04659,13.39255],[101.04646,13.3914],[101.04625,13.39018],[101.04624,13.39013],[101.04623,13.3901],[101.046,13.38879],[101.0458,13.3878],[101.04531,13.38572],[101.04497,13.38443],[101.04457,13.38305],[101.04407,13.38145],[101.04399,13.3812],[101.04327,13.37892],[101.0423,13.3758],[101.042,13.37484],[101.04142,13.37311],[101.04131,13.37278],[101.04076,13.37106],[101.04013,13.36915]]},"properties":{"osm_id":377478270,"rank":1,"name":null,"ref":"3702"}},{"type":"Feature","geometry":{"type":"LineString","coordinates":[[101.07195,13.44247],[101.07231,13.44262],[101.07246,13.44268],[101.0726,13.44273],[101.07282,13.44282],[101.07312,13.44294],[101.07347,13.44305],[101.07371,13.44309],[101.07485,13.44325],[101.07497,13.44327],[101.07572,13.44332],[101.07641,13.44335],[101.07744,13.44327]]},"properties":{"osm_id":414210909,"rank":2,"name":"ถนนอมตะ","ref":null}},{"type":"Feature","geometry":{"type":"LineString","coordinates":[[101.05004,13.45759],[101.04988,13.45781],[101.04975,13.45808],[101.04969,13.45828],[101.04967,13.45845],[101.04952,13.45926]]},"properties":{"osm_id":449392569,"rank":2,"name":"นิคมอุยสาหกรรม อมตะนคร","ref":null}},{"type":"Feature","geometry":{"type":"LineString","coordinates":[[101.09362,13.44268],[101.09353,13.44272],[101.0934,13.44278],[101.09324,13.44279],[101.09276,13.44277],[101.09263,13.44277]]},"properties":{"osm_id":449409111,"rank":2,"name":"ถนนอมตะ","ref":null}},{"type":"Feature","geometry":{"type":"LineString","coordinates":[[101.16866,13.47912],[101.16869,13.47901],[101.16935,13.47642],[101.16953,13.47572],[101.17035,13.47241],[101.17059,13.47153],[101.17094,13.47017],[101.17148,13.46804],[101.17161,13.46752],[101.17213,13.46548],[101.17214,13.46542],[101.17221,13.46516],[101.17228,13.46487],[101.1723,13.46478],[101.17242,13.4643],[101.17252,13.46395],[101.17284,13.46266],[101.17294,13.46224],[101.17316,13.46126],[101.17344,13.46009],[101.17369,13.45914],[101.1738,13.45876],[101.17407,13.45778],[101.17457,13.45579],[101.17504,13.45402],[101.17517,13.45337],[101.17527,13.45298],[101.17536,13.45263],[101.17564,13.45154],[101.17587,13.45065],[101.17589,13.45055]]},"properties":{"osm_id":481205920,"rank":1,"name":"ถนนศุขประยูร","ref":"315"}},{"type":"Feature","geometry":{"type":"LineString","coordinates":[[101.10932,13.42439],[101.10954,13.4245],[101.10981,13.42461],[101.10991,13.42466],[101.11015,13.42477],[101.11177,13.42548],[101.11273,13.42589],[101.11295,13.42598],[101.11317,13.42606],[101.11319,13.42607],[101.11342,13.42616],[101.1137,13.42625],[101.11414,13.4264],[101.11484,13.42663],[101.11605,13.42703],[101.11623,13.42709],[101.11639,13.42714]]},"properties":{"osm_id":485611199,"rank":1,"name":"ถนนศุขประยูร","ref":"315"}},{"type":"Feature","geometry":{"type":"LineString","coordinates":[[101.01822,13.43356],[101.0179,13.43351]]},"properties":{"osm_id":485642461,"rank":2,"name":"ถนนอมตะ","ref":null}},{"type":"Feature","geometry":{"type":"LineString","coordinates":[[101.16855,13.4791],[101.16847,13.47944]]},"properties":{"osm_id":503936829,"rank":1,"name":"ถนนศุขประยูร","ref":"315"}},{"type":"Feature","geometry":{"type":"LineString","coordinates":[[101.09933,13.4958],[101.09923,13.49609]]},"properties":{"osm_id":503938479,"rank":1,"name":"ถนนมาบโป่ง - หัวไผ่","ref":"3127"}},{"type":"Feature","geometry":{"type":"LineString","coordinates":[[101.10372,13.47749],[101.10369,13.47759],[101.10304,13.48042],[101.10293,13.48086],[101.10237,13.48337],[101.10218,13.48413],[101.10167,13.48636],[101.10145,13.48728],[101.10091,13.48965],[101.10077,13.49024],[101.10064,13.49082],[101.09953,13.49504],[101.09933,13.4958]]},"properties":{"osm_id":503938481,"rank":1,"name":"ถนนมาบโป่ง - หัวไผ่","ref":"3127"}},{"type":"Feature","geometry":{"type":"LineString","coordinates":[[101.09663,13.47111],[101.09661,13.4711],[101.09657,13.47112],[101.09655,13.47113],[101.09654,13.47115],[101.09654,13.47118],[101.09654,13.47122],[101.09656,13.47123],[101.09657,13.47124],[101.09659,13.47126],[101.09662,13.47126],[101.09665,13.47125],[101.09668,13.47123],[101.09669,13.4712],[101.0967,13.47118],[101.09669,13.47116],[101.09668,13.47114],[101.09667,13.47112],[101.09663,13.47111]]},"properties":{"osm_id":516854782,"rank":1,"name":"ถนนมาบโป่ง - หัวไผ่","ref":"3127"}},{"type":"Feature","geometry":{"type":"LineString","coordinates":[[101.10059,13.47244],[101.09931,13.47204],[101.09854,13.4718],[101.09811,13.47165],[101.09794,13.4716],[101.09782,13.47156],[101.09749,13.47146],[101.09728,13.47139],[101.09708,13.47133],[101.09669,13.4712]]},"properties":{"osm_id":516854784,"rank":1,"name":"ถนนมาบโป่ง - หัวไผ่","ref":"3127"}},{"type":"Feature","geometry":{"type":"LineString","coordinates":[[101.01555,13.448],[101.01542,13.44833],[101.01536,13.44847],[101.01529,13.44856],[101.01523,13.44864],[101.01516,13.44872],[101.01507,13.44879],[101.01497,13.44886],[101.01476,13.449]]},"properties":{"osm_id":616659524,"rank":2,"name":"ถนนนิคมอุตสาหกรรมอมตะนคร","ref":null}},{"type":"Feature","geometry":{"type":"LineString","coordinates":[[101.01622,13.44873],[101.01597,13.44863],[101.01591,13.44859],[101.01585,13.44854],[101.01578,13.44845],[101.01572,13.44836],[101.01564,13.44818],[101.01555,13.448]]},"properties":{"osm_id":616659609,"rank":2,"name":"ถนนนิคมอุตสาหกรรมอมตะนคร","ref":null}},{"type":"Feature","geometry":{"type":"LineString","coordinates":[[100.99204,13.55539],[100.99201,13.5556],[100.992,13.55565],[100.99201,13.55571],[100.99209,13.55589],[100.99234,13.55629],[100.99253,13.55667],[100.99263,13.55699],[100.99264,13.55726],[100.99263,13.55737],[100.99261,13.55749],[100.99254,13.55777],[100.99241,13.558],[100.9921,13.55835],[100.99166,13.55885],[100.9906,13.5602]]},"properties":{"osm_id":617518350,"rank":1,"name":null,"ref":"3702"}},{"type":"Feature","geometry":{"type":"LineString","coordinates":[[100.99201,13.56013],[100.99216,13.55996],[100.99251,13.55957],[100.99268,13.55946],[100.99283,13.55937],[100.99307,13.5593],[100.99328,13.55927],[100.99355,13.55928],[100.9938,13.55933],[100.99401,13.55943],[100.9942,13.55957],[100.99437,13.55975],[100.99453,13.55998],[100.99467,13.56022]]},"properties":{"osm_id":617518352,"rank":1,"name":null,"ref":"3701"}},{"type":"Feature","geometry":{"type":"LineString","coordinates":[[101.10372,13.44398],[101.10407,13.44416],[101.10488,13.44451],[101.10532,13.44465],[101.10544,13.44467],[101.10562,13.44469],[101.10599,13.44469],[101.10611,13.44471],[101.10653,13.44475],[101.10712,13.44478],[101.10804,13.44482],[101.10855,13.44484],[101.10866,13.44483],[101.10946,13.44481],[101.10955,13.4448],[101.10983,13.44478],[101.11006,13.44476],[101.1102,13.44474],[101.11079,13.44465],[101.11142,13.44453],[101.11172,13.44449],[101.11308,13.44428],[101.1142,13.44408],[101.11426,13.44407],[101.11544,13.4439],[101.11703,13.44368],[101.11716,13.44366],[101.11953,13.44328],[101.11972,13.44323],[101.11982,13.44315],[101.11985,13.44306],[101.11985,13.44293],[101.11988,13.44282],[101.12006,13.44252],[101.12016,13.44227],[101.12018,13.44213],[101.12017,13.44192],[101.1201,13.44138],[101.12001,13.44096],[101.11988,13.44069],[101.11966,13.44033],[101.11953,13.43997],[101.1195,13.43972],[101.11944,13.43929]]},"properties":{"osm_id":618301862,"rank":2,"name":"ถนนอมตะ","ref":null}},{"type":"Feature","geometry":{"type":"LineString","coordinates":[[101.10365,13.44395],[101.10372,13.44398]]},"properties":{"osm_id":618301863,"rank":2,"name":"ถนนอมตะ","ref":null}},{"type":"Feature","geometry":{"type":"LineString","coordinates":[[101.10216,13.4434],[101.10156,13.44338],[101.10095,13.44336],[101.09999,13.4433],[101.09913,13.44325],[101.09798,13.4432],[101.09612,13.44311],[101.09565,13.44309],[101.09526,13.44308]]},"properties":{"osm_id":618301864,"rank":2,"name":"ถนนอมตะ","ref":null}},{"type":"Feature","geometry":{"type":"LineString","coordinates":[[101.10377,13.44386],[101.10371,13.44384]]},"properties":{"osm_id":618301865,"rank":2,"name":"ถนนอมตะ","ref":null}},{"type":"Feature","geometry":{"type":"LineString","coordinates":[[101.10599,13.44469],[101.1055,13.44455],[101.10545,13.44453],[101.10488,13.44434],[101.10377,13.44386]]},"properties":{"osm_id":618301866,"rank":2,"name":"ถนนอมตะ","ref":null}},{"type":"Feature","geometry":{"type":"LineString","coordinates":[[101.10216,13.4434],[101.10244,13.44352],[101.10262,13.44357],[101.10282,13.44363],[101.10329,13.4438],[101.10345,13.44386]]},"properties":{"osm_id":618301899,"rank":2,"name":"ถนนอมตะ","ref":null}},{"type":"Feature","geometry":{"type":"LineString","coordinates":[[101.10371,13.44384],[101.1036,13.44379]]},"properties":{"osm_id":646605274,"rank":2,"name":"ถนนอมตะ","ref":null}},{"type":"Feature","geometry":{"type":"LineString","coordinates":[[101.10345,13.44386],[101.10355,13.44391]]},"properties":{"osm_id":646605275,"rank":2,"name":"ถนนอมตะ","ref":null}},{"type":"Feature","geometry":{"type":"LineString","coordinates":[[101.04764,13.4076],[101.04785,13.40771],[101.04843,13.40802]]},"properties":{"osm_id":687671549,"rank":1,"name":"ถนนศุขประยูร","ref":"315"}},{"type":"Feature","geometry":{"type":"LineString","coordinates":[[101.04644,13.40692],[101.04655,13.40698],[101.04764,13.4076]]},"properties":{"osm_id":687671550,"rank":1,"name":"ถนนศุขประยูร","ref":"315"}},{"type":"Feature","geometry":{"type":"LineString","coordinates":[[101.04843,13.40802],[101.04927,13.40845],[101.04935,13.40849]]},"properties":{"osm_id":687671551,"rank":1,"name":"ถนนศุขประยูร","ref":"315"}},{"type":"Feature","geometry":{"type":"LineString","coordinates":[[101.04453,13.41167],[101.04482,13.41099],[101.04502,13.41053]]},"properties":{"osm_id":687673161,"rank":1,"name":null,"ref":"ชบ.3139"}},{"type":"Feature","geometry":{"type":"LineString","coordinates":[[101.06791,13.41589],[101.06757,13.41581],[101.06685,13.41563],[101.06617,13.41545],[101.06522,13.41519],[101.06513,13.41517],[101.06445,13.41498],[101.06431,13.41495],[101.06423,13.41493],[101.0637,13.41478],[101.06259,13.41448],[101.06246,13.41441],[101.06214,13.41425],[101.06121,13.41378],[101.05978,13.41305]]},"properties":{"osm_id":687673163,"rank":1,"name":"ถนนศุขประยูร","ref":"315"}},{"type":"Feature","geometry":{"type":"LineString","coordinates":[[101.04442,13.41184],[101.04453,13.41167]]},"properties":{"osm_id":687673531,"rank":1,"name":null,"ref":"ชบ.3139"}},{"type":"Feature","geometry":{"type":"LineString","coordinates":[[101.04639,13.40675],[101.04634,13.40686]]},"properties":{"osm_id":687673532,"rank":1,"name":null,"ref":"ชบ.3139"}},{"type":"Feature","geometry":{"type":"LineString","coordinates":[[101.04665,13.40538],[101.04665,13.40566],[101.04665,13.40575],[101.04664,13.40616],[101.04661,13.40636],[101.04654,13.40655]]},"properties":{"osm_id":687674253,"rank":1,"name":null,"ref":"3702"}},{"type":"Feature","geometry":{"type":"LineString","coordinates":[[101.04623,13.40743],[101.04638,13.40707],[101.04639,13.40704],[101.04644,13.40692]]},"properties":{"osm_id":687674254,"rank":1,"name":null,"ref":"ชบ.3139"}},{"type":"Feature","geometry":{"type":"LineString","coordinates":[[101.0452,13.41007],[101.04549,13.4093],[101.04551,13.40927],[101.04559,13.40905],[101.04578,13.40857],[101.04602,13.40795],[101.04623,13.40743]]},"properties":{"osm_id":687674255,"rank":1,"name":null,"ref":"ชบ.3139"}},{"type":"Feature","geometry":{"type":"LineString","coordinates":[[101.04634,13.40686],[101.04644,13.40692]]},"properties":{"osm_id":687674701,"rank":1,"name":"ถนนศุขประยูร","ref":"315"}},{"type":"Feature","geometry":{"type":"LineString","coordinates":[[101.04569,13.40652],[101.04579,13.40658],[101.04619,13.40678],[101.04621,13.40679],[101.04634,13.40686]]},"properties":{"osm_id":687674702,"rank":1,"name":"ถนนศุขประยูร","ref":"315"}},{"type":"Feature","geometry":{"type":"LineString","coordinates":[[101.04203,13.40515],[101.04263,13.40533],[101.0427,13.40535],[101.04314,13.40552]]},"properties":{"osm_id":687674703,"rank":1,"name":"ถนนศุขประยูร","ref":"315"}},{"type":"Feature","geometry":{"type":"LineString","coordinates":[[101.04137,13.40496],[101.04203,13.40515]]},"properties":{"osm_id":687674704,"rank":1,"name":"ถนนศุขประยูร","ref":"315"}},{"type":"Feature","geometry":{"type":"LineString","coordinates":[[101.04009,13.40458],[101.04104,13.40486],[101.04137,13.40496]]},"properties":{"osm_id":687674705,"rank":1,"name":"ถนนศุขประยูร","ref":"315"}},{"type":"Feature","geometry":{"type":"LineString","coordinates":[[101.04314,13.40552],[101.04339,13.40562],[101.04355,13.40568],[101.04402,13.40587],[101.04443,13.40604],[101.04468,13.40613],[101.04548,13.40644],[101.04569,13.40652]]},"properties":{"osm_id":687674706,"rank":1,"name":"ถนนศุขประยูร","ref":"315"}},{"type":"Feature","geometry":{"type":"LineString","coordinates":[[101.04249,13.40516],[101.0414,13.40483]]},"properties":{"osm_id":687674707,"rank":1,"name":"ถนนศุขประยูร","ref":"315"}},{"type":"Feature","geometry":{"type":"LineString","coordinates":[[101.04649,13.4068],[101.04639,13.40675]]},"properties":{"osm_id":687674708,"rank":1,"name":"ถนนศุขประยูร","ref":"315"}},{"type":"Feature","geometry":{"type":"LineString","coordinates":[[101.06539,13.45316],[101.06634,13.45315],[101.06675,13.45314],[101.06788,13.45313]]},"properties":{"osm_id":695655728,"rank":2,"name":"นิคมอุตสาหกรรม อมตะนคร","ref":null}},{"type":"Feature","geometry":{"type":"LineString","coordinates":[[101.07355,13.45097],[101.07344,13.45106],[101.07331,13.45116],[101.07294,13.45143],[101.07277,13.45158],[101.07267,13.45169],[101.07257,13.45179],[101.07238,13.45205],[101.07233,13.45212],[101.07202,13.45261],[101.07193,13.45275],[101.07168,13.45316],[101.07148,13.45351],[101.07135,13.45372],[101.07096,13.45436],[101.07082,13.45458],[101.07066,13.45473],[101.07053,13.45484],[101.07032,13.45492],[101.07005,13.45498]]},"properties":{"osm_id":695655729,"rank":2,"name":"ถนนอมตะ","ref":null}},{"type":"Feature","geometry":{"type":"LineString","coordinates":[[101.07492,13.44973],[101.07495,13.44997],[101.07493,13.4501],[101.07484,13.45027],[101.07478,13.45033],[101.07467,13.4504],[101.0745,13.45048],[101.07424,13.4506],[101.07412,13.45066],[101.07379,13.45083],[101.07362,13.45093],[101.07355,13.45097]]},"properties":{"osm_id":695655730,"rank":2,"name":"ถนนอมตะ","ref":null}},{"type":"Feature","geometry":{"type":"LineString","coordinates":[[101.07492,13.44973],[101.07433,13.44863],[101.0742,13.44841],[101.07409,13.44821],[101.07389,13.44788],[101.07362,13.4474]]},"properties":{"osm_id":695655731,"rank":2,"name":"ถนนอมตะ","ref":null}},{"type":"Feature","geometry":{"type":"LineString","coordinates":[[100.99862,13.45061],[100.99868,13.45054],[100.99871,13.45051],[100.99875,13.4505],[100.99882,13.45048],[100.99897,13.45051],[100.9998,13.45067],[101.00038,13.45078],[101.00355,13.45137],[101.00455,13.45156],[101.0051,13.45166],[101.0102,13.4526],[101.01054,13.45266],[101.01084,13.45272],[101.01119,13.45278],[101.01177,13.45289],[101.01194,13.45295],[101.01248,13.45325],[101.01271,13.45336],[101.01289,13.45339],[101.01306,13.4534],[101.01336,13.45336],[101.01368,13.4533]]},"properties":{"osm_id":695709679,"rank":1,"name":"ถนนบ้านเก่า-พานทอง","ref":"3466"}},{"type":"Feature","geometry":{"type":"LineString","coordinates":[[101.08214,13.45748],[101.0844,13.45841],[101.0858,13.459],[101.08606,13.45912],[101.08626,13.4592],[101.08641,13.45926],[101.08647,13.4593],[101.08654,13.45934],[101.08669,13.45942],[101.08714,13.45973],[101.08725,13.45981],[101.08966,13.46151]]},"properties":{"osm_id":695736316,"rank":1,"name":"ถนนบ้านเก่า-พานทอง","ref":"3466"}},{"type":"Feature","geometry":{"type":"LineString","coordinates":[[101.10468,13.44175],[101.10467,13.44177],[101.1043,13.44217],[101.10409,13.44247],[101.10386,13.44292],[101.1035,13.44374]]},"properties":{"osm_id":695736317,"rank":1,"name":"ถนนมาบโป่ง - หัวไผ่","ref":"3127"}},{"type":"Feature","geometry":{"type":"LineString","coordinates":[[101.10923,13.42721],[101.10911,13.42792],[101.10907,13.42845],[101.10907,13.42853],[101.10903,13.42883],[101.10901,13.42912],[101.10891,13.42958],[101.10877,13.4301],[101.10822,13.43188],[101.10821,13.43189],[101.10819,13.43198],[101.10805,13.43248],[101.10789,13.43296],[101.10764,13.4337],[101.10762,13.43375],[101.10757,13.43392],[101.10751,13.43407],[101.10719,13.43507],[101.10714,13.43525],[101.10712,13.43529],[101.10707,13.43544],[101.10701,13.43563],[101.10681,13.4363],[101.10673,13.43654],[101.10661,13.43697],[101.10659,13.43706],[101.10639,13.43774],[101.10618,13.4385],[101.10601,13.43911],[101.10599,13.43919],[101.10593,13.43937],[101.10577,13.43997],[101.10566,13.44036],[101.10553,13.44069],[101.10537,13.44098]]},"properties":{"osm_id":695736318,"rank":1,"name":"ถนนมาบโป่ง - หัวไผ่","ref":"3127"}},{"type":"Feature","geometry":{"type":"LineString","coordinates":[[101.0085,13.3796],[101.00849,13.37949],[101.00838,13.37925],[101.00795,13.3783],[101.00775,13.37791],[101.00757,13.37753],[101.00691,13.376],[101.00673,13.37568],[101.00661,13.37547],[101.00648,13.3753],[101.00633,13.37515],[101.00617,13.37501],[101.00589,13.37485],[101.00565,13.37474],[101.00533,13.37461],[101.00494,13.37446],[101.00491,13.37445],[101.00454,13.3743],[101.00447,13.37428],[101.00399,13.37413],[101.00396,13.37412],[101.00353,13.37403],[101.00326,13.37398],[101.00297,13.37392],[101.0025,13.37382],[101.00172,13.37366],[101.00167,13.37365],[101.00112,13.37354],[101.00041,13.3734],[101.00035,13.37341]]},"properties":{"osm_id":695741898,"rank":1,"name":"ถนนศุขประยูร","ref":"315"}},{"type":"Feature","geometry":{"type":"LineString","coordinates":[[101.04649,13.4068],[101.04648,13.40667]]},"properties":{"osm_id":718489073,"rank":1,"name":null,"ref":"3702"}},{"type":"Feature","geometry":{"type":"LineString","coordinates":[[101.04648,13.40667],[101.04639,13.40675]]},"properties":{"osm_id":718489074,"rank":1,"name":null,"ref":"3702"}},{"type":"Feature","geometry":{"type":"LineString","coordinates":[[101.04584,13.49577],[101.04595,13.49559]]},"properties":{"osm_id":718498962,"rank":1,"name":null,"ref":"3701"}},{"type":"Feature","geometry":{"type":"LineString","coordinates":[[101.04595,13.49559],[101.04616,13.49525],[101.04668,13.49404]]},"properties":{"osm_id":718498963,"rank":1,"name":null,"ref":"3701"}},{"type":"Feature","geometry":{"type":"LineString","coordinates":[[101.0452,13.4955],[101.0453,13.49532]]},"properties":{"osm_id":718498968,"rank":1,"name":null,"ref":"3702"}},{"type":"Feature","geometry":{"type":"LineString","coordinates":[[101.046,13.48118],[101.04601,13.48067]]},"properties":{"osm_id":718499399,"rank":1,"name":null,"ref":"3702"}},{"type":"Feature","geometry":{"type":"LineString","coordinates":[[101.0453,13.49532],[101.04564,13.4947],[101.04596,13.4939]]},"properties":{"osm_id":718499400,"rank":1,"name":null,"ref":"3702"}},{"type":"Feature","geometry":{"type":"LineString","coordinates":[[101.04705,13.49273],[101.04698,13.49305]]},"properties":{"osm_id":718499404,"rank":1,"name":null,"ref":"3701"}},{"type":"Feature","geometry":{"type":"LineString","coordinates":[[101.04698,13.49305],[101.04688,13.49353],[101.04668,13.49404]]},"properties":{"osm_id":718499405,"rank":1,"name":null,"ref":"3701"}},{"type":"Feature","geometry":{"type":"LineString","coordinates":[[101.04566,13.46244],[101.04566,13.46199]]},"properties":{"osm_id":718500360,"rank":1,"name":null,"ref":"3702"}},{"type":"Feature","geometry":{"type":"LineString","coordinates":[[101.04566,13.46199],[101.04567,13.46046],[101.04568,13.45877]]},"properties":{"osm_id":718500361,"rank":1,"name":null,"ref":"3702"}},{"type":"Feature","geometry":{"type":"LineString","coordinates":[[101.03202,13.51122],[101.03219,13.51103]]},"properties":{"osm_id":718501480,"rank":1,"name":null,"ref":"3702"}},{"type":"Feature","geometry":{"type":"LineString","coordinates":[[101.03219,13.51103],[101.03439,13.50842]]},"properties":{"osm_id":718501481,"rank":1,"name":null,"ref":"3702"}},{"type":"Feature","geometry":{"type":"LineString","coordinates":[[101.03247,13.51178],[101.03265,13.51157]]},"properties":{"osm_id":718501486,"rank":1,"name":null,"ref":"3701"}},{"type":"Feature","geometry":{"type":"LineString","coordinates":[[101.03265,13.51157],[101.03301,13.51114],[101.0332,13.51091],[101.03521,13.50855]]},"properties":{"osm_id":718501487,"rank":1,"name":null,"ref":"3701"}},{"type":"Feature","geometry":{"type":"LineString","coordinates":[[101.02263,13.43702],[101.02272,13.43709]]},"properties":{"osm_id":718502760,"rank":2,"name":"ถนนอมตะ","ref":null}},{"type":"Feature","geometry":{"type":"LineString","coordinates":[[101.02272,13.43709],[101.02342,13.43759],[101.02477,13.43855],[101.02554,13.4391],[101.02613,13.43951],[101.02824,13.44101],[101.02998,13.44229]]},"properties":{"osm_id":718502761,"rank":2,"name":"ถนนอมตะ","ref":null}},{"type":"Feature","geometry":{"type":"LineString","coordinates":[[101.04641,13.45867],[101.04641,13.45845]]},"properties":{"osm_id":718502774,"rank":1,"name":null,"ref":"3701"}},{"type":"Feature","geometry":{"type":"LineString","coordinates":[[101.04641,13.45845],[101.04643,13.45455]]},"properties":{"osm_id":718502775,"rank":1,"name":null,"ref":"3701"}},{"type":"Feature","geometry":{"type":"LineString","coordinates":[[101.04568,13.45853],[101.04569,13.45831]]},"properties":{"osm_id":718502777,"rank":1,"name":null,"ref":"3702"}},{"type":"Feature","geometry":{"type":"LineString","coordinates":[[101.04568,13.45877],[101.04568,13.45853]]},"properties":{"osm_id":718502778,"rank":1,"name":"ถนนทางหลวงหมายเลข 3702","ref":"3702"}},{"type":"Feature","geometry":{"type":"LineString","coordinates":[[101.02344,13.43246],[101.02331,13.43237]]},"properties":{"osm_id":718503375,"rank":2,"name":"นิคมอุตสาหกรรม อมตะนคร","ref":null}},{"type":"Feature","geometry":{"type":"LineString","coordinates":[[101.02461,13.4333],[101.02344,13.43246]]},"properties":{"osm_id":718503376,"rank":2,"name":"นิคมอุตสาหกรรม อมตะนคร","ref":null}},{"type":"Feature","geometry":{"type":"LineString","coordinates":[[101.02685,13.45516],[101.02703,13.45519]]},"properties":{"osm_id":718504850,"rank":1,"name":"ถนนบ้านเก่า-พานทอง","ref":"3466"}},{"type":"Feature","geometry":{"type":"LineString","coordinates":[[101.0221,13.45438],[101.02243,13.45444],[101.02262,13.45446],[101.02398,13.45468],[101.02428,13.45473],[101.02455,13.45478],[101.02503,13.45486],[101.02506,13.45487],[101.02623,13.45506],[101.02685,13.45516]]},"properties":{"osm_id":718504851,"rank":1,"name":"ถนนบ้านเก่า-พานทอง","ref":"3466"}},{"type":"Feature","geometry":{"type":"LineString","coordinates":[[101.02189,13.45435],[101.0221,13.45438]]},"properties":{"osm_id":718504852,"rank":1,"name":"ถนนบ้านเก่า-พานทอง","ref":"3466"}},{"type":"Feature","geometry":{"type":"LineString","coordinates":[[101.01391,13.45326],[101.01427,13.45319],[101.01462,13.45319],[101.01478,13.45322],[101.01494,13.45326],[101.01535,13.4534],[101.01568,13.45347],[101.0163,13.45358],[101.01668,13.45363],[101.0168,13.45365],[101.01684,13.45365],[101.01769,13.45375],[101.01795,13.45379],[101.01826,13.45384],[101.01866,13.45389],[101.01883,13.45392],[101.01918,13.45397],[101.01944,13.454],[101.02018,13.4541],[101.02043,13.45413],[101.02079,13.45418],[101.02133,13.45427],[101.02158,13.45431],[101.02189,13.45435]]},"properties":{"osm_id":718504853,"rank":1,"name":"ถนนบ้านเก่า-พานทอง","ref":"3466"}},{"type":"Feature","geometry":{"type":"LineString","coordinates":[[101.01368,13.4533],[101.01391,13.45326]]},"properties":{"osm_id":718504854,"rank":1,"name":"ถนนบ้านเก่า-พานทอง","ref":"3466"}},{"type":"Feature","geometry":{"type":"LineString","coordinates":[[101.0122,13.43565],[101.01218,13.43576]]},"properties":{"osm_id":718974374,"rank":2,"name":"ถนนนิคมอุตสาหกรรมอมตะนคร","ref":null}},{"type":"Feature","geometry":{"type":"LineString","coordinates":[[101.01372,13.43463],[101.01259,13.43496],[101.01248,13.435],[101.01241,13.43506],[101.01237,13.43511],[101.01232,13.43518],[101.01229,13.43525],[101.01224,13.43541],[101.0122,13.43565]]},"properties":{"osm_id":718974375,"rank":2,"name":"ถนนนิคมอุตสาหกรรมอมตะนคร","ref":null}},{"type":"Feature","geometry":{"type":"LineString","coordinates":[[100.99323,13.37113],[100.9932,13.37104],[100.99289,13.37075],[100.99273,13.37064]]},"properties":{"osm_id":751736902,"rank":1,"name":"ถนนศุขประยูร","ref":"315"}},{"type":"Feature","geometry":{"type":"LineString","coordinates":[[100.99273,13.37081],[100.99296,13.37095],[100.9931,13.37106],[100.99314,13.3711],[100.99323,13.37113]]},"properties":{"osm_id":751736903,"rank":1,"name":"ถนนศุขประยูร","ref":"315"}},{"type":"Feature","geometry":{"type":"LineString","coordinates":[[101.04787,13.45895],[101.04421,13.45828]]},"properties":{"osm_id":901581841,"rank":1,"name":"ถนนบ้านเก่า-พานทอง","ref":"3466"}},{"type":"Feature","geometry":{"type":"LineString","coordinates":[[101.04421,13.45828],[101.04207,13.45788],[101.0417,13.45781],[101.0411,13.4577],[101.04056,13.4576],[101.04025,13.45754]]},"properties":{"osm_id":901581842,"rank":1,"name":"ถนนบ้านเก่า-พานทอง","ref":"3466"}},{"type":"Feature","geometry":{"type":"LineString","coordinates":[[101.04026,13.45762],[101.04046,13.45766]]},"properties":{"osm_id":901581843,"rank":1,"name":"ถนนบ้านเก่า-พานทอง","ref":"3466"}},{"type":"Feature","geometry":{"type":"LineString","coordinates":[[101.04906,13.45918],[101.04787,13.45895]]},"properties":{"osm_id":901581844,"rank":1,"name":"ถนนบ้านเก่า-พานทอง","ref":"3466"}},{"type":"Feature","geometry":{"type":"LineString","coordinates":[[101.04787,13.45903],[101.04857,13.45916],[101.04904,13.45925]]},"properties":{"osm_id":901581845,"rank":1,"name":"ถนนบ้านเก่า-พานทอง","ref":"3466"}},{"type":"Feature","geometry":{"type":"LineString","coordinates":[[100.99323,13.37113],[100.9934,13.37126],[100.99359,13.37137],[100.99401,13.37154],[100.99447,13.3717],[100.99495,13.37188],[100.99568,13.37216],[100.99602,13.37228],[100.99612,13.37232],[100.99703,13.37264],[100.99718,13.3727]]},"properties":{"osm_id":917236357,"rank":1,"name":"ถนนศุขประยูร","ref":"315"}},{"type":"Feature","geometry":{"type":"LineString","coordinates":[[101.0726,13.44273],[101.07242,13.44273],[101.07228,13.44275],[101.07217,13.4428],[101.07206,13.44291],[101.07199,13.44305],[101.07191,13.44343]]},"properties":{"osm_id":934604349,"rank":2,"name":"ถนนอมตะ","ref":null}},{"type":"Feature","geometry":{"type":"LineString","coordinates":[[101.15357,13.5222],[101.15375,13.52161],[101.15421,13.52008],[101.15447,13.51919],[101.15448,13.51914],[101.15451,13.51905],[101.15509,13.51704],[101.15617,13.51326],[101.15638,13.51252],[101.15659,13.51182],[101.15659,13.51181]]},"properties":{"osm_id":935867509,"rank":1,"name":"ถนนศุขประยูร","ref":"315"}},{"type":"Feature","geometry":{"type":"LineString","coordinates":[[101.15338,13.52244],[101.15269,13.52489],[101.15237,13.52577],[101.15227,13.52602],[101.15183,13.52724],[101.15121,13.52888],[101.15116,13.52901],[101.15112,13.52911],[101.15079,13.53006],[101.15019,13.53167]]},"properties":{"osm_id":935867511,"rank":1,"name":"ถนนศุขประยูร","ref":"315"}},{"type":"Feature","geometry":{"type":"LineString","coordinates":[[101.15671,13.5114],[101.15724,13.5096],[101.15755,13.50853],[101.15788,13.50734],[101.1579,13.50725],[101.15799,13.50697],[101.15839,13.50621],[101.15965,13.50389],[101.16038,13.50255],[101.16106,13.50131],[101.16177,13.50003],[101.16199,13.49963],[101.16236,13.49896],[101.16331,13.49722],[101.1644,13.49524],[101.16456,13.49496],[101.16479,13.4945],[101.16492,13.49412],[101.16545,13.49209],[101.1659,13.49037],[101.16597,13.49012],[101.16649,13.48789],[101.16668,13.48715],[101.16728,13.48477],[101.16802,13.48177],[101.16813,13.48135],[101.16824,13.48091],[101.16838,13.48028],[101.16858,13.47945]]},"properties":{"osm_id":936307960,"rank":1,"name":"ถนนศุขประยูร","ref":"315"}},{"type":"Feature","geometry":{"type":"LineString","coordinates":[[101.16858,13.47945],[101.16866,13.47912]]},"properties":{"osm_id":936307961,"rank":1,"name":"ถนนศุขประยูร","ref":"315"}},{"type":"Feature","geometry":{"type":"LineString","coordinates":[[101.10497,13.4416],[101.10511,13.44145],[101.10547,13.44105]]},"properties":{"osm_id":936319661,"rank":1,"name":"ถนนมาบโป่ง - หัวไผ่","ref":"3127"}},{"type":"Feature","geometry":{"type":"LineString","coordinates":[[101.1048,13.4418],[101.10497,13.4416]]},"properties":{"osm_id":936319662,"rank":1,"name":"ถนนมาบโป่ง - หัวไผ่","ref":"3127"}},{"type":"Feature","geometry":{"type":"LineString","coordinates":[[101.10486,13.44154],[101.10468,13.44175]]},"properties":{"osm_id":936319663,"rank":1,"name":"ถนนมาบโป่ง - หัวไผ่","ref":"3127"}},{"type":"Feature","geometry":{"type":"LineString","coordinates":[[101.10537,13.44098],[101.10486,13.44154]]},"properties":{"osm_id":936319664,"rank":1,"name":"ถนนมาบโป่ง - หัวไผ่","ref":"3127"}},{"type":"Feature","geometry":{"type":"LineString","coordinates":[[101.09657,13.47112],[101.0958,13.47088],[101.09566,13.47083],[101.0954,13.47075],[101.09532,13.47073],[101.09525,13.47071],[101.09517,13.47068],[101.09492,13.4706],[101.09489,13.47058],[101.09442,13.47043],[101.09439,13.47042],[101.09304,13.46998],[101.09301,13.46997],[101.09233,13.46975],[101.09221,13.46971],[101.09207,13.46966],[101.09179,13.46954],[101.09157,13.46939],[101.0915,13.46931],[101.09138,13.46915],[101.09134,13.46908],[101.09131,13.46902],[101.09129,13.46895],[101.09127,13.46888],[101.09125,13.4688],[101.09125,13.46874],[101.09124,13.46868],[101.09125,13.46864],[101.09125,13.46859],[101.09126,13.46853],[101.09127,13.46847],[101.0913,13.46839],[101.09155,13.46799],[101.09169,13.46746],[101.09179,13.46666],[101.09182,13.4665],[101.09185,13.46636],[101.0919,13.4661],[101.09201,13.46557],[101.09202,13.46549],[101.09209,13.46521],[101.09214,13.46499],[101.09215,13.46492],[101.09218,13.46481],[101.09223,13.46451],[101.09227,13.46431],[101.09234,13.46398],[101.09237,13.46383],[101.0924,13.46372],[101.09247,13.4635],[101.09251,13.46342],[101.09262,13.46306],[101.09272,13.46273],[101.09288,13.46218],[101.09303,13.4617],[101.09308,13.46154],[101.09338,13.46069],[101.09339,13.46066],[101.09359,13.46015],[101.09362,13.46007],[101.09374,13.45978],[101.09388,13.45944],[101.09394,13.45928],[101.09405,13.45901],[101.09429,13.45843],[101.09451,13.4579],[101.09456,13.45777],[101.09479,13.45722],[101.09537,13.45574],[101.09545,13.45561],[101.09555,13.45542],[101.09591,13.45483]]},"properties":{"osm_id":936319665,"rank":1,"name":"ถนนมาบโป่ง - หัวไผ่","ref":"3127"}},{"type":"Feature","geometry":{"type":"LineString","coordinates":[[101.10547,13.44105],[101.10566,13.44076],[101.10579,13.4404],[101.1059,13.44002],[101.10608,13.43941],[101.10608,13.43941],[101.10612,13.43926],[101.10614,13.43919],[101.10632,13.43855],[101.10646,13.43804],[101.10653,13.43779],[101.10671,13.43711],[101.10674,13.43704],[101.10686,13.43658],[101.10693,13.43635],[101.10715,13.43567],[101.10721,13.43549],[101.10727,13.43529],[101.10731,13.43516],[101.10765,13.4341],[101.1077,13.434],[101.10776,13.4338],[101.108,13.43299],[101.10817,13.43252],[101.10833,13.43203],[101.10835,13.43194],[101.10889,13.43016],[101.10905,13.42963],[101.10914,13.42915],[101.10918,13.42887],[101.10921,13.42857],[101.10922,13.42846],[101.10926,13.42795],[101.10935,13.42723]]},"properties":{"osm_id":936319667,"rank":1,"name":"ถนนมาบโป่ง - หัวไผ่","ref":"3127"}},{"type":"Feature","geometry":{"type":"LineString","coordinates":[[101.09591,13.45483],[101.09619,13.45439],[101.09631,13.45421],[101.09644,13.45402],[101.09652,13.4539],[101.09656,13.45383],[101.09714,13.45295],[101.0975,13.45242],[101.09804,13.45159],[101.09837,13.45109],[101.09891,13.45025],[101.09926,13.44972],[101.09949,13.44938],[101.09955,13.44928],[101.09969,13.44908],[101.09975,13.44901],[101.09997,13.44876],[101.10051,13.44823],[101.10055,13.4482],[101.10081,13.44795],[101.1016,13.44716],[101.10225,13.44652],[101.10251,13.44619],[101.1027,13.44581],[101.10298,13.44519],[101.10355,13.44391]]},"properties":{"osm_id":936319668,"rank":1,"name":"ถนนมาบโป่ง - หัวไผ่","ref":"3127"}},{"type":"Feature","geometry":{"type":"LineString","coordinates":[[101.09251,13.46342],[101.09243,13.46337],[101.09216,13.46318],[101.0904,13.46191],[101.08999,13.46163],[101.08987,13.46154],[101.08972,13.46143]]},"properties":{"osm_id":936348382,"rank":1,"name":"ถนนบ้านเก่า-พานทอง","ref":"3466"}},{"type":"Feature","geometry":{"type":"LineString","coordinates":[[101.08966,13.46151],[101.0898,13.4616],[101.09033,13.46197],[101.0911,13.4625],[101.0913,13.46265],[101.09225,13.46334],[101.09239,13.46344],[101.09247,13.4635]]},"properties":{"osm_id":936348383,"rank":1,"name":"ถนนบ้านเก่า-พานทอง","ref":"3466"}},{"type":"Feature","geometry":{"type":"LineString","coordinates":[[101.04935,13.40849],[101.04944,13.40853]]},"properties":{"osm_id":942037995,"rank":1,"name":"ถนนศุขประยูร","ref":"315"}},{"type":"Feature","geometry":{"type":"LineString","coordinates":[[101.04944,13.40853],[101.05021,13.40892],[101.0505,13.40908],[101.05074,13.4092],[101.05077,13.40921],[101.05122,13.40949],[101.05168,13.40975],[101.05218,13.40998],[101.05318,13.41041]]},"properties":{"osm_id":942037996,"rank":1,"name":"ถนนศุขประยูร","ref":"315"}},{"type":"Feature","geometry":{"type":"LineString","coordinates":[[101.0495,13.40841],[101.04941,13.40837]]},"properties":{"osm_id":942037997,"rank":1,"name":"ถนนศุขประยูร","ref":"315"}},{"type":"Feature","geometry":{"type":"LineString","coordinates":[[101.04941,13.40837],[101.04852,13.40792],[101.04788,13.40759],[101.04663,13.40688],[101.04661,13.40687],[101.04649,13.4068]]},"properties":{"osm_id":942037998,"rank":1,"name":"ถนนศุขประยูร","ref":"315"}},{"type":"Feature","geometry":{"type":"LineString","coordinates":[[101.04441,13.41186],[101.04442,13.41184]]},"properties":{"osm_id":942040294,"rank":1,"name":null,"ref":"ชบ.3139"}},{"type":"Feature","geometry":{"type":"LineString","coordinates":[[101.03609,13.43225],[101.03595,13.43248]]},"properties":{"osm_id":942054790,"rank":1,"name":"บ้านเก่า 5","ref":"ชบ.3139"}},{"type":"Feature","geometry":{"type":"LineString","coordinates":[[101.03595,13.43248],[101.03534,13.43345],[101.03513,13.43379],[101.03502,13.43398],[101.03483,13.43429],[101.03432,13.43511],[101.03359,13.43629],[101.03178,13.4392],[101.03095,13.44057],[101.03089,13.44067],[101.03073,13.44092],[101.0307,13.44098],[101.03058,13.44116],[101.03054,13.44124],[101.03029,13.44172],[101.03012,13.44203],[101.02998,13.44229],[101.02986,13.44253],[101.0297,13.44284],[101.02947,13.44328],[101.02938,13.44346],[101.02929,13.44364],[101.02914,13.44397],[101.02878,13.44481],[101.0286,13.44516],[101.02842,13.4455],[101.02824,13.44583],[101.028,13.4463],[101.02786,13.44657],[101.02759,13.4471],[101.02751,13.44726],[101.02732,13.44761],[101.02718,13.44789],[101.0271,13.4481],[101.0271,13.44815]]},"properties":{"osm_id":942054791,"rank":1,"name":"บ้านเก่า 5","ref":"ชบ.3139"}},{"type":"Feature","geometry":{"type":"LineString","coordinates":[[101.03623,13.43203],[101.03609,13.43225]]},"properties":{"osm_id":942054792,"rank":1,"name":"บ้านเก่า 5","ref":"ชบ.3139"}},{"type":"Feature","geometry":{"type":"LineString","coordinates":[[101.05318,13.41041],[101.05363,13.41059],[101.05449,13.41093],[101.05482,13.41107],[101.0561,13.4116],[101.05798,13.41236],[101.05871,13.41265],[101.05974,13.41315]]},"properties":{"osm_id":942087227,"rank":1,"name":"ถนนศุขประยูร","ref":"315"}},{"type":"Feature","geometry":{"type":"LineString","coordinates":[[101.05324,13.41029],[101.05318,13.41026]]},"properties":{"osm_id":942087228,"rank":1,"name":"ถนนศุขประยูร","ref":"315"}},{"type":"Feature","geometry":{"type":"LineString","coordinates":[[101.05318,13.41026],[101.05317,13.41026],[101.05228,13.40989],[101.05215,13.40983],[101.05173,13.40963],[101.05128,13.40937],[101.05081,13.40908],[101.0499,13.40862],[101.04986,13.4086],[101.04959,13.40846],[101.0495,13.40841]]},"properties":{"osm_id":942087229,"rank":1,"name":"ถนนศุขประยูร","ref":"315"}},{"type":"Feature","geometry":{"type":"LineString","coordinates":[[101.01577,13.42406],[101.01587,13.42413]]},"properties":{"osm_id":942121480,"rank":2,"name":"ถนนอมตะ","ref":null}},{"type":"Feature","geometry":{"type":"LineString","coordinates":[[101.01587,13.42413],[101.01644,13.42456],[101.01659,13.42467],[101.01683,13.42484],[101.01698,13.42495],[101.01725,13.42516],[101.01751,13.4254],[101.01771,13.42563],[101.01783,13.42578],[101.01791,13.4259],[101.01801,13.42603],[101.01815,13.42628],[101.01829,13.42656],[101.01839,13.42679],[101.01847,13.42703],[101.01849,13.42708],[101.01854,13.42729],[101.01859,13.4275],[101.01864,13.42781],[101.01866,13.42802],[101.01867,13.42819],[101.01866,13.42842],[101.01866,13.42844],[101.01863,13.42876],[101.01853,13.42945],[101.0183,13.43092],[101.01816,13.43191],[101.01813,13.43216],[101.01793,13.43331],[101.0179,13.43351],[101.01787,13.43367]]},"properties":{"osm_id":942121481,"rank":2,"name":"ถนนอมตะ","ref":null}},{"type":"Feature","geometry":{"type":"LineString","coordinates":[[101.00131,13.4228],[101.00112,13.42294],[101.00039,13.42349],[101.00003,13.42377]]},"properties":{"osm_id":942135821,"rank":2,"name":"ถนนอมตะ","ref":null}},{"type":"Feature","geometry":{"type":"LineString","coordinates":[[101.05669,13.46066],[101.05734,13.46077],[101.05777,13.46084],[101.0585,13.46097],[101.05896,13.46106]]},"properties":{"osm_id":942197718,"rank":1,"name":"ถนนบ้านเก่า-พานทอง","ref":"3466"}},{"type":"Feature","geometry":{"type":"LineString","coordinates":[[101.04639,13.40675],[101.04626,13.40668],[101.04574,13.40642],[101.0439,13.40567],[101.04274,13.40523],[101.04254,13.40517],[101.04249,13.40516]]},"properties":{"osm_id":942418847,"rank":1,"name":"ถนนศุขประยูร","ref":"315"}},{"type":"Feature","geometry":{"type":"LineString","coordinates":[[101.04634,13.40686],[101.04629,13.407],[101.04605,13.40759],[101.04591,13.40793],[101.04557,13.4088],[101.04553,13.40891],[101.04541,13.40924],[101.04512,13.40997],[101.045,13.41031]]},"properties":{"osm_id":942418848,"rank":1,"name":null,"ref":"ชบ.3139"}},{"type":"Feature","geometry":{"type":"LineString","coordinates":[[101.04644,13.40692],[101.04649,13.4068]]},"properties":{"osm_id":942418849,"rank":1,"name":null,"ref":"ชบ.3139"}},{"type":"Feature","geometry":{"type":"LineString","coordinates":[[101.04654,13.40655],[101.04651,13.40661],[101.04648,13.40667]]},"properties":{"osm_id":942418850,"rank":1,"name":null,"ref":"3702"}},{"type":"Feature","geometry":{"type":"LineString","coordinates":[[101.07488,13.45848],[101.07813,13.45795],[101.07925,13.45775],[101.07998,13.45763],[101.08008,13.45762],[101.08012,13.45761],[101.08042,13.45754],[101.08141,13.45739],[101.08165,13.45739],[101.08194,13.45743],[101.08214,13.45748]]},"properties":{"osm_id":942423699,"rank":1,"name":"ถนนบ้านเก่า-พานทอง","ref":"3466"}},{"type":"Feature","geometry":{"type":"LineString","coordinates":[[101.07461,13.45852],[101.07488,13.45848]]},"properties":{"osm_id":942423700,"rank":1,"name":null,"ref":"3466"}},{"type":"Feature","geometry":{"type":"LineString","coordinates":[[101.07362,13.4474],[101.07279,13.44595],[101.07225,13.44499],[101.07221,13.44492],[101.07214,13.44476],[101.07204,13.44449],[101.07196,13.44419],[101.07192,13.44383],[101.07191,13.44374],[101.07191,13.44343],[101.07192,13.44304],[101.07195,13.44247]]},"properties":{"osm_id":942425099,"rank":2,"name":"ถนนอมตะ","ref":null}},{"type":"Feature","geometry":{"type":"LineString","coordinates":[[101.07366,13.45867],[101.07461,13.45852]]},"properties":{"osm_id":942426846,"rank":1,"name":"ถนนบ้านเก่า-พานทอง","ref":"3466"}},{"type":"Feature","geometry":{"type":"LineString","coordinates":[[101.06962,13.41623],[101.06811,13.41593]]},"properties":{"osm_id":942459605,"rank":1,"name":"ถนนศุขประยูร","ref":"315"}},{"type":"Feature","geometry":{"type":"LineString","coordinates":[[101.0696,13.41635],[101.07121,13.41668],[101.07218,13.41686],[101.07272,13.41697],[101.07351,13.41712],[101.07384,13.41721],[101.07392,13.41723]]},"properties":{"osm_id":942459606,"rank":1,"name":"ถนนศุขประยูร","ref":"315"}},{"type":"Feature","geometry":{"type":"LineString","coordinates":[[101.01787,13.43367],[101.01769,13.43488],[101.01754,13.43575],[101.01742,13.43631],[101.01741,13.43641],[101.01727,13.43732],[101.01716,13.43805],[101.01711,13.43827],[101.01704,13.4385],[101.01697,13.43868],[101.01684,13.43896],[101.01671,13.4392],[101.01659,13.43939],[101.01641,13.43967],[101.01583,13.44052],[101.01567,13.44081],[101.01554,13.4411],[101.01544,13.44137],[101.01536,13.44168],[101.01531,13.44196],[101.01527,13.44226],[101.01527,13.44256],[101.01529,13.4428],[101.01532,13.44303],[101.01535,13.44314],[101.01543,13.4435],[101.01547,13.44363],[101.01551,13.44379],[101.01557,13.44413],[101.01557,13.44417],[101.01562,13.44446],[101.01566,13.44484],[101.01566,13.44512],[101.01566,13.44547],[101.01555,13.44727],[101.01553,13.44762],[101.01554,13.44792],[101.01555,13.448],[101.01558,13.44811],[101.01572,13.44883]]},"properties":{"osm_id":942502760,"rank":2,"name":"ถนนอมตะ","ref":null}},{"type":"Feature","geometry":{"type":"LineString","coordinates":[[101.05269,13.45992],[101.05324,13.46002]]},"properties":{"osm_id":942505726,"rank":1,"name":"ถนนบ้านเก่า-พานทอง","ref":"3466"}},{"type":"Feature","geometry":{"type":"LineString","coordinates":[[101.05324,13.46002],[101.05637,13.46061],[101.05669,13.46066]]},"properties":{"osm_id":942505727,"rank":1,"name":"ถนนบ้านเก่า-พานทอง","ref":"3466"}},{"type":"Feature","geometry":{"type":"LineString","coordinates":[[101.05219,13.45983],[101.0525,13.45989],[101.05269,13.45992]]},"properties":{"osm_id":942505728,"rank":1,"name":"ถนนบ้านเก่า-พานทอง","ref":"3466"}},{"type":"Feature","geometry":{"type":"LineString","coordinates":[[101.03119,13.40139],[101.03268,13.40214],[101.03351,13.40256],[101.03356,13.40258],[101.03363,13.40262],[101.03401,13.40277],[101.03445,13.4029],[101.03449,13.40291],[101.03524,13.40314],[101.03666,13.40356],[101.03669,13.40357],[101.03771,13.40387],[101.03879,13.40419],[101.03933,13.40435],[101.03957,13.40443],[101.04009,13.40458]]},"properties":{"osm_id":942508324,"rank":1,"name":"ถนนศุขประยูร","ref":"315"}},{"type":"Feature","geometry":{"type":"LineString","coordinates":[[101.03044,13.40085],[101.02979,13.40051],[101.02951,13.40036],[101.02916,13.40015],[101.0283,13.39957],[101.02763,13.39913],[101.02746,13.39901],[101.02664,13.39847],[101.02625,13.39822],[101.02579,13.3979],[101.0256,13.39776],[101.02542,13.3976],[101.02524,13.39743],[101.02506,13.39723],[101.02481,13.39695],[101.02467,13.3968],[101.02438,13.39646],[101.02412,13.39616],[101.02394,13.39595],[101.02338,13.39531],[101.02323,13.39513],[101.02317,13.39505],[101.02278,13.39454],[101.02242,13.394],[101.02192,13.39328],[101.02175,13.39305],[101.02158,13.39285],[101.02076,13.39193],[101.02045,13.39159],[101.02007,13.39116],[101.01969,13.39071],[101.0193,13.39024],[101.01867,13.38949],[101.01832,13.38906],[101.01799,13.3887],[101.0178,13.38858],[101.01727,13.38831],[101.01715,13.38825],[101.01667,13.38799],[101.01633,13.38781],[101.01607,13.38763],[101.01546,13.3872]]},"properties":{"osm_id":942508325,"rank":1,"name":"ถนนศุขประยูร","ref":"315"}},{"type":"Feature","geometry":{"type":"LineString","coordinates":[[101.02726,13.44974],[101.0271,13.45014],[101.0266,13.45132],[101.02645,13.45165],[101.02644,13.45167],[101.02633,13.45194],[101.02624,13.45214],[101.02621,13.45221],[101.02602,13.45266],[101.02587,13.453],[101.02578,13.4532],[101.02565,13.45351],[101.02559,13.45363],[101.02548,13.45389]]},"properties":{"osm_id":942763022,"rank":1,"name":"บ้านเก่า 5","ref":"ชบ.3139"}},{"type":"Feature","geometry":{"type":"LineString","coordinates":[[101.02733,13.44955],[101.02726,13.44974]]},"properties":{"osm_id":942763023,"rank":1,"name":"บ้านเก่า 5","ref":"ชบ.3139"}},{"type":"Feature","geometry":{"type":"LineString","coordinates":[[101.04386,13.41323],[101.04388,13.41318]]},"properties":{"osm_id":942763397,"rank":1,"name":null,"ref":"ชบ.3139"}},{"type":"Feature","geometry":{"type":"LineString","coordinates":[[101.04388,13.41318],[101.04414,13.41253],[101.04434,13.41204],[101.04441,13.41186]]},"properties":{"osm_id":942763399,"rank":1,"name":null,"ref":"ชบ.3139"}},{"type":"Feature","geometry":{"type":"LineString","coordinates":[[101.04667,13.40364],[101.04665,13.40538]]},"properties":{"osm_id":942763400,"rank":1,"name":null,"ref":"3702"}},{"type":"Feature","geometry":{"type":"LineString","coordinates":[[101.07359,13.45861],[101.07358,13.45861],[101.07329,13.45866],[101.07179,13.45892],[101.07042,13.45915],[101.07005,13.4592],[101.06991,13.45922],[101.0694,13.45931],[101.06811,13.45954],[101.06671,13.4598],[101.06665,13.45981],[101.06496,13.46012],[101.06462,13.46018],[101.06406,13.46028],[101.06335,13.4604],[101.0632,13.46043],[101.06308,13.46042],[101.0628,13.4605],[101.06218,13.46061],[101.06197,13.46064],[101.06136,13.46074],[101.06129,13.46075],[101.06059,13.46087],[101.05974,13.46101],[101.05968,13.46101],[101.05928,13.46103],[101.05897,13.46099],[101.05894,13.46098],[101.05872,13.46094],[101.05779,13.46077],[101.0569,13.46061],[101.05671,13.46058],[101.05633,13.46051],[101.05629,13.4605],[101.05553,13.46038],[101.05466,13.4602],[101.05389,13.46006],[101.05296,13.45989],[101.05207,13.45973],[101.05107,13.45954],[101.05068,13.45946],[101.05038,13.4594],[101.04984,13.45931],[101.04955,13.45926],[101.04952,13.45926],[101.04906,13.45918]]},"properties":{"osm_id":942767083,"rank":1,"name":"ถนนบ้านเก่า-พานทอง","ref":"3466"}},{"type":"Feature","geometry":{"type":"LineString","coordinates":[[101.07356,13.45869],[101.07366,13.45867]]},"properties":{"osm_id":942767088,"rank":1,"name":"ถนนบ้านเก่า-พานทอง","ref":"3466"}},{"type":"Feature","geometry":{"type":"LineString","coordinates":[[101.07354,13.45869],[101.07356,13.45869]]},"properties":{"osm_id":942767089,"rank":1,"name":"ถนนบ้านเก่า-พานทอง","ref":"3466"}},{"type":"Feature","geometry":{"type":"LineString","coordinates":[[101.08972,13.46143],[101.08904,13.46096],[101.08851,13.46058],[101.08783,13.46012],[101.08728,13.45972],[101.08719,13.45966],[101.08682,13.4594],[101.08656,13.45924],[101.08651,13.45921],[101.08623,13.45908],[101.08535,13.45871],[101.0846,13.45841],[101.08443,13.45834],[101.08391,13.45812],[101.08359,13.45799],[101.08309,13.45778],[101.08302,13.45775],[101.08242,13.45751],[101.08215,13.45742],[101.08205,13.45738],[101.08165,13.45732],[101.08144,13.45732],[101.08132,13.45733],[101.08116,13.45735],[101.08089,13.4574],[101.08068,13.45744],[101.08041,13.45749],[101.08019,13.45753],[101.08011,13.45754],[101.08006,13.45754],[101.07997,13.45756],[101.07924,13.45767],[101.07878,13.45774],[101.07851,13.45778],[101.07819,13.45783],[101.07817,13.45784],[101.07811,13.45785],[101.07751,13.45795],[101.07741,13.45797],[101.07621,13.45817],[101.07498,13.45838],[101.07488,13.45839],[101.07394,13.45855],[101.07367,13.4586]]},"properties":{"osm_id":942767090,"rank":1,"name":"ถนนบ้านเก่า-พานทอง","ref":"3466"}},{"type":"Feature","geometry":{"type":"LineString","coordinates":[[101.07367,13.4586],[101.07359,13.45861]]},"properties":{"osm_id":942767091,"rank":1,"name":"ถนนบ้านเก่า-พานทอง","ref":"3466"}},{"type":"Feature","geometry":{"type":"LineString","coordinates":[[101.02739,13.44936],[101.02733,13.44955]]},"properties":{"osm_id":942779494,"rank":1,"name":"บ้านเก่า 5","ref":"ชบ.3139"}},{"type":"Feature","geometry":{"type":"LineString","coordinates":[[101.02548,13.45389],[101.02505,13.4548]]},"properties":{"osm_id":942780506,"rank":1,"name":"บ้านเก่า 5","ref":"ชบ.3139"}},{"type":"Feature","geometry":{"type":"LineString","coordinates":[[101.00035,13.37341],[101.00041,13.37344],[101.00164,13.37369],[101.00172,13.37371],[101.00319,13.37403],[101.00351,13.37409],[101.00396,13.37421],[101.00427,13.3743],[101.00583,13.37489],[101.00614,13.37505],[101.00629,13.37519],[101.00653,13.37549],[101.00673,13.37581],[101.00802,13.37872],[101.00841,13.37952],[101.0085,13.3796]]},"properties":{"osm_id":943697349,"rank":1,"name":"ถนนศุขประยูร","ref":"315"}},{"type":"Feature","geometry":{"type":"LineString","coordinates":[[101.04509,13.41034],[101.0452,13.41007]]},"properties":{"osm_id":944140429,"rank":1,"name":null,"ref":"ชบ.3139"}},{"type":"Feature","geometry":{"type":"LineString","coordinates":[[101.045,13.41031],[101.04492,13.4105],[101.04484,13.41069],[101.04461,13.41124],[101.04445,13.41164],[101.04442,13.41184]]},"properties":{"osm_id":944140431,"rank":1,"name":null,"ref":"ชบ.3139"}},{"type":"Feature","geometry":{"type":"LineString","coordinates":[[101.04507,13.41039],[101.04509,13.41034]]},"properties":{"osm_id":944140432,"rank":1,"name":null,"ref":"ชบ.3139"}},{"type":"Feature","geometry":{"type":"LineString","coordinates":[[101.04502,13.41053],[101.04507,13.41039]]},"properties":{"osm_id":944140433,"rank":1,"name":null,"ref":"ชบ.3139"}},{"type":"Feature","geometry":{"type":"LineString","coordinates":[[101.01546,13.3872],[101.01507,13.38696]]},"properties":{"osm_id":944194596,"rank":1,"name":"ถนนศุขประยูร","ref":"315"}},{"type":"Feature","geometry":{"type":"LineString","coordinates":[[101.0154,13.38728],[101.01601,13.38772],[101.01606,13.38775],[101.01633,13.38791],[101.01666,13.3881],[101.01743,13.38853],[101.01752,13.38858],[101.01791,13.38881],[101.01823,13.38914],[101.01874,13.38975],[101.01895,13.39],[101.0192,13.39029],[101.01964,13.39082],[101.01982,13.39107],[101.02,13.39126],[101.0203,13.39159],[101.02083,13.39219],[101.02102,13.3924],[101.0216,13.39307],[101.0218,13.39332],[101.02232,13.39407],[101.02263,13.39453],[101.02264,13.39455],[101.0227,13.39463],[101.02316,13.39521],[101.02329,13.39537],[101.02347,13.39558],[101.02458,13.39687],[101.02512,13.3975],[101.0253,13.39768],[101.02548,13.39785],[101.02568,13.39799],[101.02707,13.39891],[101.02828,13.39971],[101.0287,13.39999],[101.02894,13.40015],[101.0291,13.40026],[101.02924,13.40034],[101.02957,13.40054],[101.0304,13.40099]]},"properties":{"osm_id":944194599,"rank":1,"name":"ถนนศุขประยูร","ref":"315"}},{"type":"Feature","geometry":{"type":"LineString","coordinates":[[101.05917,13.41275],[101.05876,13.41255],[101.05688,13.41178],[101.05552,13.41122],[101.05506,13.41102],[101.05484,13.41093],[101.05443,13.41077],[101.05367,13.41046],[101.05324,13.41029]]},"properties":{"osm_id":944916488,"rank":1,"name":"ถนนศุขประยูร","ref":"315"}},{"type":"Feature","geometry":{"type":"LineString","coordinates":[[101.05974,13.41315],[101.06111,13.41387],[101.06158,13.41411],[101.06186,13.41426],[101.0619,13.41428],[101.06236,13.41451],[101.06255,13.41459],[101.06262,13.41462],[101.06275,13.41466],[101.06292,13.4147],[101.06441,13.41511],[101.06516,13.41531],[101.06683,13.41575],[101.06755,13.41593],[101.06788,13.41601]]},"properties":{"osm_id":944916489,"rank":1,"name":"ถนนศุขประยูร","ref":"315"}},{"type":"Feature","geometry":{"type":"LineString","coordinates":[[101.0271,13.44815],[101.02711,13.44829],[101.0274,13.44909],[101.0274,13.44933],[101.02739,13.44936]]},"properties":{"osm_id":944920125,"rank":1,"name":"บ้านเก่า 5","ref":"ชบ.3139"}},{"type":"Feature","geometry":{"type":"LineString","coordinates":[[101.0001,13.42384],[101.00138,13.42288],[101.00163,13.42268],[101.00173,13.42261],[101.00177,13.42258],[101.0025,13.42204],[101.00259,13.42197],[101.00297,13.42167],[101.00319,13.4215],[101.00339,13.42135],[101.00352,13.42125],[101.00367,13.42114],[101.00394,13.42098],[101.00396,13.42096],[101.00411,13.42089],[101.00429,13.42082],[101.00449,13.42075],[101.00474,13.4207],[101.00504,13.42065],[101.00521,13.42064],[101.00539,13.42064],[101.00559,13.42066],[101.00713,13.42082],[101.00726,13.42084],[101.00742,13.42086],[101.00821,13.42094],[101.00878,13.421],[101.00969,13.4211],[101.01103,13.42124],[101.01154,13.42131],[101.01159,13.42132],[101.01163,13.42133],[101.01168,13.42134],[101.01181,13.42137],[101.01202,13.42145],[101.01224,13.42155],[101.01252,13.4217],[101.01275,13.42186],[101.01358,13.42247],[101.01366,13.42254],[101.01452,13.42319],[101.01488,13.42346]]},"properties":{"osm_id":946667681,"rank":2,"name":"ถนนอมตะ","ref":null}},{"type":"Feature","geometry":{"type":"LineString","coordinates":[[101.04224,13.45799],[101.04357,13.45824],[101.04394,13.4583],[101.04421,13.45835]]},"properties":{"osm_id":946710477,"rank":1,"name":"ถนนบ้านเก่า-พานทอง","ref":"3466"}},{"type":"Feature","geometry":{"type":"LineString","coordinates":[[101.1035,13.44374],[101.10346,13.44383],[101.10345,13.44386]]},"properties":{"osm_id":948371207,"rank":1,"name":"ถนนมาบโป่ง - หัวไผ่","ref":"3127"}},{"type":"Feature","geometry":{"type":"LineString","coordinates":[[101.10345,13.44386],[101.10287,13.44512],[101.10259,13.44575],[101.1024,13.44611],[101.10215,13.44641],[101.10151,13.44707],[101.10074,13.44782],[101.10047,13.44809],[101.10036,13.44818],[101.09995,13.44858],[101.09967,13.4489],[101.0996,13.44899],[101.09945,13.44916],[101.09937,13.44927],[101.09916,13.44961],[101.0988,13.45017],[101.09828,13.45099],[101.09793,13.4515],[101.09741,13.45233],[101.09704,13.45289],[101.09646,13.45376],[101.09642,13.45384],[101.09634,13.45395],[101.09622,13.45414],[101.09619,13.45419],[101.0961,13.45432],[101.09581,13.45476]]},"properties":{"osm_id":948371208,"rank":1,"name":"ถนนมาบโป่ง - หัวไผ่","ref":"3127"}},{"type":"Feature","geometry":{"type":"LineString","coordinates":[[101.10355,13.44391],[101.10365,13.44395]]},"properties":{"osm_id":948371209,"rank":2,"name":"ถนนอมตะ","ref":null}},{"type":"Feature","geometry":{"type":"LineString","coordinates":[[101.10355,13.44391],[101.10356,13.44389],[101.1036,13.44379]]},"properties":{"osm_id":948371210,"rank":1,"name":"ถนนมาบโป่ง - หัวไผ่","ref":"3127"}},{"type":"Feature","geometry":{"type":"LineString","coordinates":[[101.1036,13.44379],[101.1035,13.44374]]},"properties":{"osm_id":948371211,"rank":2,"name":"ถนนอมตะ","ref":null}},{"type":"Feature","geometry":{"type":"LineString","coordinates":[[101.1036,13.44379],[101.10396,13.44298],[101.10422,13.44251],[101.10439,13.44226],[101.1048,13.4418]]},"properties":{"osm_id":948371212,"rank":1,"name":"ถนนมาบโป่ง - หัวไผ่","ref":"3127"}},{"type":"Feature","geometry":{"type":"LineString","coordinates":[[101.04046,13.45766],[101.04103,13.45777],[101.04172,13.4579],[101.04224,13.45799]]},"properties":{"osm_id":953327311,"rank":1,"name":"ถนนบ้านเก่า-พานทอง","ref":"3466"}},{"type":"Feature","geometry":{"type":"LineString","coordinates":[[101.05947,13.4129],[101.05917,13.41275]]},"properties":{"osm_id":954472105,"rank":1,"name":"ถนนศุขประยูร","ref":"315"}},{"type":"Feature","geometry":{"type":"LineString","coordinates":[[101.06999,13.4163],[101.06962,13.41623]]},"properties":{"osm_id":957012023,"rank":1,"name":"ถนนศุขประยูร","ref":"315"}},{"type":"Feature","geometry":{"type":"LineString","coordinates":[[101.04025,13.45754],[101.03744,13.45701],[101.03683,13.45689],[101.03641,13.45681],[101.03544,13.45662],[101.03492,13.45653],[101.03364,13.45629],[101.03327,13.45622],[101.03251,13.45608],[101.03188,13.45597],[101.03117,13.45585],[101.03036,13.45571],[101.03025,13.45569],[101.02858,13.45539],[101.028,13.45528],[101.02705,13.45513]]},"properties":{"osm_id":962162057,"rank":1,"name":"ถนนบ้านเก่า-พานทอง","ref":"3466"}},{"type":"Feature","geometry":{"type":"LineString","coordinates":[[101.01367,13.45323],[101.01312,13.45334],[101.01295,13.45334],[101.0128,13.45332],[101.01261,13.45325],[101.01252,13.4532],[101.01214,13.45298],[101.01196,13.45288],[101.01172,13.45281],[101.01121,13.45271],[101.01016,13.45252],[101.01001,13.45249],[101.00942,13.45238],[101.00924,13.45235],[101.00804,13.45212],[101.00755,13.45202],[101.00694,13.45191],[101.00511,13.45156],[101.00381,13.45132],[101.00373,13.4513],[101.00357,13.45127],[101.00209,13.45099],[101.00041,13.45066],[100.99971,13.45052],[100.99887,13.45037],[100.99881,13.45034],[100.99876,13.4503],[100.99871,13.45019]]},"properties":{"osm_id":962162058,"rank":1,"name":"ถนนบ้านเก่า-พานทอง","ref":"3466"}},{"type":"Feature","geometry":{"type":"LineString","coordinates":[[101.0139,13.45319],[101.01367,13.45323]]},"properties":{"osm_id":962162059,"rank":1,"name":"ถนนบ้านเก่า-พานทอง","ref":"3466"}},{"type":"Feature","geometry":{"type":"LineString","coordinates":[[101.0219,13.45429],[101.02135,13.45421],[101.02043,13.45407],[101.02015,13.45403],[101.02002,13.45401],[101.01919,13.4539],[101.01868,13.45383],[101.01816,13.45375],[101.01794,13.45372],[101.01782,13.45371],[101.01681,13.45357],[101.01673,13.45356],[101.01621,13.45349],[101.0158,13.45342],[101.01557,13.45338],[101.0153,13.45331],[101.01501,13.45319],[101.0148,13.45312],[101.0146,13.45311],[101.0144,13.45311],[101.01412,13.45315],[101.0139,13.45319]]},"properties":{"osm_id":962162060,"rank":1,"name":"ถนนบ้านเก่า-พานทอง","ref":"3466"}},{"type":"Feature","geometry":{"type":"LineString","coordinates":[[101.0221,13.45432],[101.02195,13.4543],[101.0219,13.45429]]},"properties":{"osm_id":962162061,"rank":1,"name":"ถนนบ้านเก่า-พานทอง","ref":"3466"}},{"type":"Feature","geometry":{"type":"LineString","coordinates":[[101.02687,13.4551],[101.02626,13.455],[101.02546,13.45487],[101.02505,13.4548],[101.02347,13.45454],[101.02273,13.45442],[101.0221,13.45432]]},"properties":{"osm_id":962162062,"rank":1,"name":"ถนนบ้านเก่า-พานทอง","ref":"3466"}},{"type":"Feature","geometry":{"type":"LineString","coordinates":[[101.02705,13.45513],[101.02687,13.4551]]},"properties":{"osm_id":962162063,"rank":1,"name":"ถนนบ้านเก่า-พานทอง","ref":"3466"}},{"type":"Feature","geometry":{"type":"LineString","coordinates":[[101.01715,13.43569],[101.01726,13.4358],[101.01733,13.43593],[101.01736,13.43606],[101.01738,13.43616],[101.01742,13.43631]]},"properties":{"osm_id":963631545,"rank":2,"name":"ถนนนิคมอุตสาหกรรมอมตะนคร","ref":null}},{"type":"Feature","geometry":{"type":"LineString","coordinates":[[101.03823,13.44065],[101.03828,13.44069],[101.03834,13.44073],[101.0384,13.44078],[101.03849,13.44083]]},"properties":{"osm_id":963887704,"rank":2,"name":"ถนนอมตะ","ref":null}},{"type":"Feature","geometry":{"type":"LineString","coordinates":[[101.15019,13.53167],[101.15015,13.53179],[101.15012,13.53187],[101.1501,13.53192]]},"properties":{"osm_id":975572925,"rank":1,"name":"ถนนศุขประยูร","ref":"315"}},{"type":"Feature","geometry":{"type":"LineString","coordinates":[[101.01488,13.42346],[101.01522,13.42372]]},"properties":{"osm_id":994408079,"rank":2,"name":"ถนนอมตะ","ref":null}},{"type":"Feature","geometry":{"type":"LineString","coordinates":[[101.01535,13.42367],[101.01563,13.42389],[101.01577,13.42406]]},"properties":{"osm_id":994408081,"rank":2,"name":"ถนนอมตะ","ref":null}},{"type":"Feature","geometry":{"type":"LineString","coordinates":[[101.01498,13.4234],[101.01535,13.42367]]},"properties":{"osm_id":994408082,"rank":2,"name":"ถนนอมตะ","ref":null}},{"type":"Feature","geometry":{"type":"LineString","coordinates":[[101.05187,13.44845],[101.05105,13.44794],[101.05011,13.44738],[101.04984,13.44723],[101.04979,13.44717]]},"properties":{"osm_id":1002981403,"rank":2,"name":"ถนนอมตะ","ref":null}},{"type":"Feature","geometry":{"type":"LineString","coordinates":[[101.15659,13.51181],[101.15671,13.5114]]},"properties":{"osm_id":1033770710,"rank":1,"name":"ถนนศุขประยูร","ref":"315"}},{"type":"Feature","geometry":{"type":"LineString","coordinates":[[101.05978,13.41305],[101.05947,13.4129]]},"properties":{"osm_id":1066001687,"rank":1,"name":"ถนนศุขประยูร","ref":"315"}},{"type":"Feature","geometry":{"type":"LineString","coordinates":[[101.1039,13.47453],[101.10394,13.47456]]},"properties":{"osm_id":1125414718,"rank":1,"name":"ถนนมาบโป่ง - หัวไผ่","ref":"3127"}},{"type":"Feature","geometry":{"type":"LineString","coordinates":[[101.10394,13.47456],[101.10406,13.47467]]},"properties":{"osm_id":1125414719,"rank":1,"name":"ถนนมาบโป่ง - หัวไผ่","ref":"3127"}},{"type":"Feature","geometry":{"type":"LineString","coordinates":[[101.01339,13.38582],[101.01371,13.38606],[101.01379,13.38611],[101.01396,13.38623],[101.01405,13.3863]]},"properties":{"osm_id":1125414724,"rank":1,"name":"ถนนศุขประยูร","ref":"315"}},{"type":"Feature","geometry":{"type":"LineString","coordinates":[[101.0085,13.3796],[101.00855,13.37971],[101.00862,13.37986],[101.00881,13.38025],[101.00894,13.38051],[101.0092,13.38105],[101.00986,13.38247],[101.0101,13.38288],[101.01037,13.38322],[101.01065,13.3835],[101.01085,13.3837],[101.01124,13.38409],[101.01163,13.38445],[101.01221,13.38501],[101.01261,13.38528],[101.01289,13.38547],[101.01339,13.38582]]},"properties":{"osm_id":1125414725,"rank":1,"name":"ถนนศุขประยูร","ref":"315"}},{"type":"Feature","geometry":{"type":"LineString","coordinates":[[100.99718,13.3727],[100.99744,13.37279],[100.99787,13.37291],[100.99827,13.373],[100.99879,13.37311],[100.99958,13.37326],[100.99972,13.37328],[101.00035,13.37341]]},"properties":{"osm_id":1125414726,"rank":1,"name":"ถนนศุขประยูร","ref":"315"}},{"type":"Feature","geometry":{"type":"LineString","coordinates":[[101.04804,13.4033],[101.04801,13.40395],[101.04801,13.404],[101.048,13.40408],[101.04798,13.4043],[101.04794,13.40553],[101.04794,13.40573],[101.04792,13.40621],[101.04792,13.40641],[101.04788,13.40759]]},"properties":{"osm_id":1125414742,"rank":1,"name":null,"ref":"3701"}},{"type":"Feature","geometry":{"type":"LineString","coordinates":[[101.04674,13.40332],[101.04668,13.40342],[101.04667,13.40364]]},"properties":{"osm_id":1125414743,"rank":1,"name":null,"ref":"3702"}},{"type":"Feature","geometry":{"type":"LineString","coordinates":[[101.17581,13.45049],[101.17493,13.4501]]},"properties":{"osm_id":1125414754,"rank":1,"name":"ถนนศุขประยูร","ref":"315"}},{"type":"Feature","geometry":{"type":"LineString","coordinates":[[101.17487,13.45024],[101.17578,13.45062]]},"properties":{"osm_id":1125414755,"rank":1,"name":"ถนนศุขประยูร","ref":"315"}},{"type":"Feature","geometry":{"type":"LineString","coordinates":[[101.10406,13.47467],[101.10416,13.4748],[101.10424,13.47499],[101.10426,13.47514],[101.10424,13.4753],[101.10403,13.47618],[101.10379,13.47727],[101.10377,13.47732]]},"properties":{"osm_id":1125414760,"rank":1,"name":"ถนนมาบโป่ง - หัวไผ่","ref":"3127"}},{"type":"Feature","geometry":{"type":"LineString","coordinates":[[101.10377,13.47732],[101.10372,13.47749]]},"properties":{"osm_id":1125414761,"rank":1,"name":"ถนนมาบโป่ง - หัวไผ่","ref":"3127"}},{"type":"Feature","geometry":{"type":"LineString","coordinates":[[101.06516,13.41531],[101.065,13.41602],[101.06485,13.41653],[101.06477,13.41684],[101.06457,13.4176],[101.0645,13.41785],[101.06449,13.41791],[101.06438,13.41833],[101.06435,13.41845],[101.06432,13.4186],[101.06428,13.41876],[101.06421,13.41905],[101.0639,13.42033],[101.06386,13.42049],[101.06381,13.42073],[101.06368,13.42156],[101.06365,13.42178],[101.0636,13.42221],[101.0636,13.42224],[101.06353,13.42317],[101.06349,13.42375]]},"properties":{"osm_id":1173574452,"rank":1,"name":"บ้านเก่า - หนองตำลึง","ref":"ชบ.3022"}},{"type":"Feature","geometry":{"type":"LineString","coordinates":[[101.06348,13.42397],[101.06348,13.42443],[101.06342,13.42559],[101.06342,13.42563],[101.06335,13.42605],[101.06327,13.42637],[101.06325,13.42648],[101.06319,13.42737],[101.06313,13.42819],[101.06309,13.42848],[101.06302,13.42881]]},"properties":{"osm_id":1173574453,"rank":1,"name":"บ้านเก่า - หนองตำลึง","ref":"ชบ.3022"}},{"type":"Feature","geometry":{"type":"LineString","coordinates":[[101.06349,13.42375],[101.06348,13.42397]]},"properties":{"osm_id":1178270348,"rank":1,"name":"บ้านเก่า - หนองตำลึง","ref":"ชบ.3022"}},{"type":"Feature","geometry":{"type":"LineString","coordinates":[[101.06302,13.42881],[101.06298,13.42903]]},"properties":{"osm_id":1178270351,"rank":1,"name":"บ้านเก่า - หนองตำลึง","ref":"ชบ.3022"}},{"type":"Feature","geometry":{"type":"LineString","coordinates":[[101.0928,13.41993],[101.09324,13.42],[101.09337,13.42003],[101.09529,13.4205],[101.09594,13.42066]]},"properties":{"osm_id":1203014188,"rank":1,"name":"ถนนศุขประยูร","ref":"315"}},{"type":"Feature","geometry":{"type":"LineString","coordinates":[[101.09594,13.42066],[101.09603,13.42069]]},"properties":{"osm_id":1203014189,"rank":1,"name":"ถนนศุขประยูร","ref":"315"}},{"type":"Feature","geometry":{"type":"LineString","coordinates":[[101.09587,13.42051],[101.09521,13.42034],[101.09345,13.41992],[101.09282,13.41981]]},"properties":{"osm_id":1203014190,"rank":1,"name":"ถนนศุขประยูร","ref":"315"}},{"type":"Feature","geometry":{"type":"LineString","coordinates":[[101.09596,13.42053],[101.09587,13.42051]]},"properties":{"osm_id":1203014191,"rank":1,"name":"ถนนศุขประยูร","ref":"315"}},{"type":"Feature","geometry":{"type":"LineString","coordinates":[[101.0304,13.40099],[101.03112,13.40135]]},"properties":{"osm_id":1203014192,"rank":1,"name":"ถนนศุขประยูร","ref":"315"}},{"type":"Feature","geometry":{"type":"LineString","coordinates":[[101.03112,13.40135],[101.03119,13.40139]]},"properties":{"osm_id":1203014193,"rank":1,"name":"ถนนศุขประยูร","ref":"315"}},{"type":"Feature","geometry":{"type":"LineString","coordinates":[[101.03114,13.40121],[101.03108,13.40118],[101.03044,13.40085]]},"properties":{"osm_id":1203014194,"rank":1,"name":"ถนนศุขประยูร","ref":"315"}},{"type":"Feature","geometry":{"type":"LineString","coordinates":[[101.03122,13.40125],[101.03114,13.40121]]},"properties":{"osm_id":1203014195,"rank":1,"name":"ถนนศุขประยูร","ref":"315"}},{"type":"Feature","geometry":{"type":"LineString","coordinates":[[101.09603,13.42069],[101.09883,13.4214],[101.09932,13.42152],[101.09942,13.42155],[101.09953,13.42158],[101.1007,13.42188],[101.10151,13.42208]]},"properties":{"osm_id":1203014196,"rank":1,"name":"ถนนศุขประยูร","ref":"315"}},{"type":"Feature","geometry":{"type":"LineString","coordinates":[[101.10151,13.42208],[101.10159,13.4221]]},"properties":{"osm_id":1203014197,"rank":1,"name":"ถนนศุขประยูร","ref":"315"}},{"type":"Feature","geometry":{"type":"LineString","coordinates":[[101.10156,13.42195],[101.10091,13.42179],[101.09986,13.42152],[101.09888,13.42127],[101.09836,13.42114],[101.09776,13.42099],[101.09753,13.42094],[101.09747,13.42092],[101.09717,13.42084],[101.09596,13.42053]]},"properties":{"osm_id":1203014198,"rank":1,"name":"ถนนศุขประยูร","ref":"315"}},{"type":"Feature","geometry":{"type":"LineString","coordinates":[[101.10164,13.42197],[101.10156,13.42195]]},"properties":{"osm_id":1203014199,"rank":1,"name":"ถนนศุขประยูร","ref":"315"}},{"type":"Feature","geometry":{"type":"LineString","coordinates":[[101.04596,13.4939],[101.04617,13.4932]]},"properties":{"osm_id":1258979075,"rank":1,"name":null,"ref":"3702"}},{"type":"Feature","geometry":{"type":"LineString","coordinates":[[101.11026,13.54902],[101.11035,13.54913],[101.11042,13.5492],[101.11128,13.55014],[101.11131,13.55016],[101.11157,13.55044],[101.11177,13.55065],[101.11263,13.55151],[101.11269,13.55157],[101.11338,13.55225],[101.11346,13.55232],[101.11353,13.55239],[101.11382,13.55262],[101.11391,13.55267],[101.11406,13.55275],[101.11411,13.55276],[101.11431,13.55282],[101.11466,13.55287],[101.11541,13.55292],[101.1184,13.55312],[101.11989,13.55322],[101.12015,13.55319],[101.12048,13.55311],[101.12075,13.55301],[101.12082,13.55295],[101.12097,13.55284],[101.12117,13.55268],[101.12135,13.55244],[101.12155,13.55216],[101.12183,13.55182],[101.12211,13.55157],[101.12223,13.55148],[101.12237,13.55137],[101.12262,13.55125],[101.12291,13.55119],[101.12307,13.5512],[101.12315,13.5512],[101.12339,13.55126],[101.12364,13.55138]]},"properties":{"osm_id":1327148340,"rank":1,"name":"ถนนมาบโป่ง - หัวไผ่","ref":"3127"}},{"type":"Feature","geometry":{"type":"LineString","coordinates":[[101.11015,13.5489],[101.11026,13.54902]]},"properties":{"osm_id":1327148341,"rank":1,"name":"ถนนมาบโป่ง - หัวไผ่","ref":"3127"}},{"type":"Feature","geometry":{"type":"LineString","coordinates":[[101.09923,13.49609],[101.0992,13.49621],[101.09886,13.49759],[101.09876,13.49811],[101.09872,13.49867],[101.09869,13.49911],[101.09865,13.49973],[101.09863,13.5001],[101.09862,13.50029],[101.09861,13.50057],[101.09863,13.5008],[101.09864,13.50085],[101.09866,13.501],[101.09868,13.50117],[101.09877,13.50167],[101.09908,13.50371],[101.09915,13.50424],[101.09935,13.50553],[101.0996,13.50713],[101.09994,13.50932],[101.10004,13.51012],[101.10006,13.51031],[101.10008,13.51063]]},"properties":{"osm_id":1327200355,"rank":1,"name":"ถนนมาบโป่ง - หัวไผ่","ref":"3127"}},{"type":"Feature","geometry":{"type":"LineString","coordinates":[[101.10008,13.51063],[101.10009,13.51075]]},"properties":{"osm_id":1327200356,"rank":1,"name":"ถนนมาบโป่ง - หัวไผ่","ref":"3127"}},{"type":"Feature","geometry":{"type":"LineString","coordinates":[[101.05321,13.44928],[101.05279,13.44901],[101.05255,13.44886],[101.05187,13.44845]]},"properties":{"osm_id":1360828512,"rank":2,"name":"ถนนอมตะ","ref":null}},{"type":"Feature","geometry":{"type":"LineString","coordinates":[[101.0489,13.44669],[101.04905,13.44681],[101.04933,13.44698],[101.04957,13.44715]]},"properties":{"osm_id":1360828513,"rank":2,"name":"ถนนอมตะ","ref":null}},{"type":"Feature","geometry":{"type":"LineString","coordinates":[[101.04984,13.44723],[101.04978,13.4472],[101.04908,13.44677],[101.0489,13.44669]]},"properties":{"osm_id":1360828514,"rank":2,"name":"ถนนอมตะ","ref":null}},{"type":"Feature","geometry":{"type":"LineString","coordinates":[[101.1035,13.44374],[101.10335,13.44368],[101.10294,13.44351],[101.10272,13.44344],[101.10263,13.44343],[101.10238,13.44339],[101.10216,13.4434]]},"properties":{"osm_id":1409960029,"rank":2,"name":"ถนนอมตะ","ref":null}},{"type":"Feature","geometry":{"type":"LineString","coordinates":[[101.09263,13.44285],[101.09276,13.44286],[101.09333,13.44289],[101.09367,13.44288]]},"properties":{"osm_id":1409960032,"rank":2,"name":"ถนนอมตะ","ref":null}},{"type":"Feature","geometry":{"type":"LineString","coordinates":[[101.09388,13.44272],[101.09386,13.44267],[101.09383,13.44264],[101.09379,13.44262],[101.09374,13.44261],[101.09369,13.44262],[101.09365,13.44264],[101.09362,13.44268],[101.0936,13.44272],[101.0936,13.44277],[101.09361,13.44281],[101.09363,13.44285],[101.09367,13.44288],[101.09372,13.44289],[101.09373,13.4429],[101.09377,13.44289],[101.09381,13.44288],[101.09385,13.44285],[101.09388,13.44281],[101.09389,13.44276],[101.09388,13.44272]]},"properties":{"osm_id":1409960033,"rank":2,"name":"ถนนอมตะ","ref":null}},{"type":"Feature","geometry":{"type":"LineString","coordinates":[[101.0941,13.44295],[101.09407,13.44291],[101.094,13.44287],[101.09389,13.44276]]},"properties":{"osm_id":1409960034,"rank":2,"name":"ถนนอมตะ","ref":null}},{"type":"Feature","geometry":{"type":"LineString","coordinates":[[101.07559,13.44999],[101.07514,13.45024],[101.07491,13.45035],[101.07488,13.45037],[101.0747,13.45046]]},"properties":{"osm_id":1409960036,"rank":2,"name":"ถนนอมตะ","ref":null}},{"type":"Feature","geometry":{"type":"LineString","coordinates":[[101.07559,13.44999],[101.07533,13.45006],[101.07523,13.45005],[101.07513,13.45002],[101.07507,13.44993],[101.07492,13.44973]]},"properties":{"osm_id":1409960037,"rank":2,"name":"ถนนอมตะ","ref":null}},{"type":"Feature","geometry":{"type":"LineString","coordinates":[[101.07497,13.45023],[101.07501,13.45025],[101.07505,13.45026],[101.0751,13.45026],[101.07514,13.45024],[101.07517,13.45021],[101.07519,13.45017],[101.0752,13.45012],[101.07519,13.45008],[101.07517,13.45004],[101.07513,13.45002],[101.07509,13.45],[101.07505,13.45],[101.07501,13.45001],[101.07497,13.45003],[101.07495,13.45007],[101.07493,13.4501],[101.07493,13.45015],[101.07495,13.45019],[101.07497,13.45023]]},"properties":{"osm_id":1409960038,"rank":2,"name":"ถนนอมตะ","ref":null}},{"type":"Feature","geometry":{"type":"LineString","coordinates":[[101.06347,13.45524],[101.06321,13.45539],[101.06308,13.45549],[101.06292,13.4556],[101.06278,13.45573],[101.06266,13.45592],[101.06244,13.45635],[101.06242,13.45647],[101.06244,13.45739],[101.06244,13.45748],[101.06247,13.45758],[101.06271,13.45809],[101.06283,13.45836],[101.06287,13.45846],[101.0629,13.45855],[101.06298,13.45876],[101.06303,13.45896],[101.06306,13.45921],[101.06309,13.45987],[101.06308,13.46021],[101.06308,13.46042]]},"properties":{"osm_id":1409960040,"rank":2,"name":"นิคมอุตสาหกรรม อมตะนคร","ref":null}},{"type":"Feature","geometry":{"type":"LineString","coordinates":[[101.08864,13.44267],[101.08874,13.44267],[101.08954,13.4427],[101.0896,13.4427],[101.08996,13.44272],[101.09055,13.44275],[101.0913,13.44278],[101.09179,13.44281],[101.09263,13.44285]]},"properties":{"osm_id":1421106462,"rank":2,"name":"ถนนอมตะ","ref":null}},{"type":"Feature","geometry":{"type":"LineString","coordinates":[[101.09263,13.44277],[101.0913,13.44271],[101.0896,13.44264],[101.08927,13.44263],[101.08875,13.44261],[101.08864,13.44261]]},"properties":{"osm_id":1421106463,"rank":2,"name":"ถนนอมตะ","ref":null}},{"type":"Feature","geometry":{"type":"LineString","coordinates":[[101.0885,13.44255],[101.08847,13.44257],[101.08845,13.4426],[101.08843,13.44263],[101.08843,13.44266],[101.08844,13.44269],[101.08846,13.44272],[101.08849,13.44274],[101.08852,13.44275],[101.08856,13.44275],[101.08859,13.44274],[101.08862,13.44272],[101.08864,13.44268],[101.08864,13.44267],[101.08865,13.44265],[101.08864,13.44261],[101.08864,13.44261],[101.08862,13.44258],[101.0886,13.44256],[101.08857,13.44255],[101.08853,13.44255],[101.0885,13.44255]]},"properties":{"osm_id":1421106464,"rank":2,"name":"ถนนอมตะ","ref":null}},{"type":"Feature","geometry":{"type":"LineString","coordinates":[[101.08802,13.44261],[101.08814,13.44264],[101.08844,13.44269]]},"properties":{"osm_id":1421106465,"rank":2,"name":"ถนนอมตะ","ref":null}},{"type":"Feature","geometry":{"type":"LineString","coordinates":[[101.08847,13.44257],[101.08814,13.44258],[101.08802,13.44261]]},"properties":{"osm_id":1421106466,"rank":2,"name":"ถนนอมตะ","ref":null}},{"type":"Feature","geometry":{"type":"LineString","coordinates":[[101.09377,13.44289],[101.09395,13.44294],[101.09403,13.44296],[101.0941,13.44295]]},"properties":{"osm_id":1423030763,"rank":2,"name":"ถนนอมตะ","ref":null}},{"type":"Feature","geometry":{"type":"LineString","coordinates":[[101.05301,13.4497],[101.05304,13.44949]]},"properties":{"osm_id":1424529683,"rank":2,"name":"นิคมอุตสาหกรรม อมตะนคร","ref":null}},{"type":"Feature","geometry":{"type":"LineString","coordinates":[[101.05331,13.44956],[101.05342,13.44955],[101.05361,13.44958],[101.05364,13.44959],[101.05387,13.44971]]},"properties":{"osm_id":1424529684,"rank":2,"name":"ถนนอมตะ","ref":null}},{"type":"Feature","geometry":{"type":"LineString","coordinates":[[101.05387,13.44971],[101.05334,13.44936]]},"properties":{"osm_id":1424529685,"rank":2,"name":"ถนนอมตะ","ref":null}},{"type":"Feature","geometry":{"type":"LineString","coordinates":[[101.05326,13.4493],[101.05321,13.44928],[101.05315,13.44929],[101.05311,13.44931],[101.05307,13.44934],[101.05304,13.44939],[101.05303,13.44944],[101.05304,13.44949],[101.05306,13.44954],[101.05311,13.44958],[101.05316,13.4496],[101.05319,13.4496],[101.05321,13.4496],[101.05326,13.44959],[101.05331,13.44956],[101.05334,13.44952],[101.05336,13.44947],[101.05336,13.44941],[101.05334,13.44936],[101.0533,13.44932],[101.05326,13.4493]]},"properties":{"osm_id":1424529686,"rank":2,"name":"ถนนอมตะ","ref":null}},{"type":"Feature","geometry":{"type":"LineString","coordinates":[[101.0736,13.45102],[101.07366,13.45098],[101.07373,13.45093],[101.07401,13.45078],[101.07415,13.45071],[101.07426,13.45065],[101.0747,13.45046]]},"properties":{"osm_id":1466399726,"rank":2,"name":"ถนนอมตะ","ref":null}},{"type":"Feature","geometry":{"type":"LineString","coordinates":[[101.00258,13.54633],[100.99934,13.55018]]},"properties":{"osm_id":1489132529,"rank":1,"name":null,"ref":"3702"}},{"type":"Feature","geometry":{"type":"LineString","coordinates":[[101.00353,13.54506],[101.00343,13.54532],[101.00326,13.54552],[101.00258,13.54633]]},"properties":{"osm_id":1503867289,"rank":1,"name":null,"ref":"3702"}},{"type":"Feature","geometry":{"type":"LineString","coordinates":[[101.00353,13.54506],[101.00213,13.54675],[101.00201,13.54691]]},"properties":{"osm_id":1503867295,"rank":1,"name":null,"ref":"3702"}},{"type":"Feature","geometry":{"type":"LineString","coordinates":[[101.00455,13.54382],[101.00407,13.5444],[101.00353,13.54506]]},"properties":{"osm_id":1503867296,"rank":1,"name":null,"ref":"3702"}},{"type":"Feature","geometry":{"type":"LineString","coordinates":[[100.99797,13.55169],[100.99823,13.55138],[100.9994,13.54998],[100.99957,13.54983]]},"properties":{"osm_id":1503867297,"rank":1,"name":null,"ref":"3702"}},{"type":"Feature","geometry":{"type":"LineString","coordinates":[[100.99797,13.55169],[100.99764,13.552],[100.9974,13.55212],[100.99717,13.55216],[100.99678,13.55218],[100.99663,13.5522],[100.99633,13.55223]]},"properties":{"osm_id":1503867298,"rank":1,"name":null,"ref":"3702"}},{"type":"Feature","geometry":{"type":"LineString","coordinates":[[101.06562,13.44975],[101.06559,13.4502],[101.06556,13.45061],[101.06552,13.45124],[101.06547,13.45188],[101.06543,13.4525],[101.06539,13.45306]]},"properties":{"osm_id":1560802765,"rank":2,"name":"นิคมอุตสาหกรรม อมตะนคร","ref":null}},{"type":"Feature","geometry":{"type":"LineString","coordinates":[[101.06539,13.45306],[101.06539,13.45316],[101.06527,13.45358],[101.06523,13.45368],[101.06508,13.45397],[101.06497,13.45411],[101.06484,13.45428],[101.06447,13.45453],[101.06424,13.45469],[101.06369,13.45505],[101.06347,13.45524]]},"properties":{"osm_id":1560802766,"rank":2,"name":"นิคมอุตสาหกรรม อมตะนคร","ref":null}},{"type":"Feature","geometry":{"type":"LineString","coordinates":[[101.0963,13.45832],[101.09642,13.45836],[101.0988,13.45914],[101.09971,13.45939],[101.10002,13.45948],[101.10047,13.45968]]},"properties":{"osm_id":154997612,"rank":2,"name":null,"ref":null}},{"type":"Feature","geometry":{"type":"LineString","coordinates":[[101.10313,13.46026],[101.10359,13.46016],[101.10419,13.46003]]},"properties":{"osm_id":154997612,"rank":2,"name":null,"ref":null}},{"type":"Feature","geometry":{"type":"LineString","coordinates":[[101.10535,13.45979],[101.10566,13.45973],[101.10608,13.45964],[101.10618,13.45963]]},"properties":{"osm_id":154997612,"rank":2,"name":null,"ref":null}},{"type":"Feature","geometry":{"type":"LineString","coordinates":[[101.03954,13.4261],[101.03973,13.42638]]},"properties":{"osm_id":155112391,"rank":1,"name":null,"ref":null}},{"type":"Feature","geometry":{"type":"LineString","coordinates":[[101.02385,13.44692],[101.02437,13.44622],[101.02459,13.44592],[101.02522,13.44507],[101.02609,13.4439],[101.02651,13.44334],[101.02669,13.44309],[101.02672,13.44306],[101.02674,13.44302],[101.02788,13.44149],[101.02824,13.44101],[101.02839,13.4408]]},"properties":{"osm_id":155113548,"rank":2,"name":null,"ref":null}},{"type":"Feature","geometry":{"type":"LineString","coordinates":[[101.01681,13.45357],[101.01681,13.45264],[101.01682,13.45248],[101.01688,13.45235],[101.01703,13.45215],[101.01714,13.452],[101.01717,13.45193],[101.0172,13.45185],[101.01726,13.4514],[101.0173,13.45115],[101.01733,13.45093],[101.01749,13.45005],[101.01751,13.44993],[101.01758,13.44967],[101.01767,13.44939],[101.01771,13.44929],[101.01781,13.449],[101.01791,13.44872],[101.01816,13.4481],[101.01833,13.44767],[101.01839,13.44754],[101.01844,13.44739],[101.0185,13.44721],[101.01853,13.44701],[101.01864,13.446],[101.01868,13.44564],[101.01874,13.44519],[101.01883,13.44459],[101.01883,13.44454],[101.01887,13.44436],[101.01891,13.44421],[101.01894,13.44415],[101.01897,13.44409],[101.01905,13.44391],[101.01908,13.44378],[101.01912,13.44365],[101.01919,13.44352],[101.01925,13.44343],[101.01946,13.44321],[101.01962,13.44306],[101.01971,13.44294],[101.01976,13.44285],[101.01979,13.44275],[101.01986,13.44247],[101.01991,13.44223],[101.01998,13.44199],[101.02007,13.44173],[101.02019,13.44151],[101.02033,13.44132],[101.02062,13.44098],[101.02141,13.43994],[101.02225,13.43896],[101.02299,13.4381],[101.02323,13.43781],[101.02342,13.43759]]},"properties":{"osm_id":155113549,"rank":2,"name":"ซอยบ้านเก่า 3","ref":null}},{"type":"Feature","geometry":{"type":"LineString","coordinates":[[101.02786,13.44657],[101.02679,13.44666],[101.02607,13.44673],[101.02532,13.44679],[101.02441,13.44687],[101.02385,13.44692]]},"properties":{"osm_id":155113550,"rank":2,"name":null,"ref":null}},{"type":"Feature","geometry":{"type":"LineString","coordinates":[[101.04604,13.43264],[101.04509,13.43193],[101.04495,13.43184],[101.04246,13.43027],[101.04223,13.43013],[101.04219,13.4301],[101.04177,13.42983],[101.04113,13.42942],[101.04105,13.42937],[101.0408,13.4292],[101.03983,13.42856],[101.03964,13.42844],[101.0394,13.42826],[101.03883,13.42784]]},"properties":{"osm_id":155113551,"rank":2,"name":null,"ref":null}},{"type":"Feature","geometry":{"type":"LineString","coordinates":[[101.03973,13.43192],[101.03974,13.43194],[101.04007,13.4328],[101.04057,13.43406],[101.04069,13.43435],[101.04088,13.43486],[101.04118,13.43561],[101.0412,13.43568],[101.04127,13.4359],[101.04126,13.43607],[101.04121,13.43621],[101.04112,13.43635],[101.0407,13.43698]]},"properties":{"osm_id":155113557,"rank":2,"name":null,"ref":null}},{"type":"Feature","geometry":{"type":"LineString","coordinates":[[101.02609,13.44834],[101.02647,13.44742],[101.02679,13.44666]]},"properties":{"osm_id":155113558,"rank":2,"name":null,"ref":null}},{"type":"Feature","geometry":{"type":"LineString","coordinates":[[101.03085,13.43083],[101.03085,13.43095],[101.03083,13.43132],[101.03082,13.4316],[101.03078,13.43176],[101.03073,13.43188],[101.03071,13.43192],[101.03068,13.43199],[101.03063,13.43208],[101.03035,13.43249],[101.03016,13.43276],[101.03012,13.43282],[101.02988,13.43316],[101.02944,13.4338],[101.02939,13.43388],[101.02918,13.43417],[101.02889,13.4346],[101.02881,13.43471],[101.02789,13.43594],[101.02754,13.43642],[101.02736,13.43665],[101.02705,13.43707],[101.02648,13.43784],[101.02635,13.43801],[101.02626,13.43814],[101.02615,13.43829],[101.02571,13.43887],[101.02554,13.4391]]},"properties":{"osm_id":155114254,"rank":2,"name":null,"ref":null}},{"type":"Feature","geometry":{"type":"LineString","coordinates":[[101.02121,13.44334],[101.02241,13.44171],[101.02281,13.44118],[101.023,13.44092],[101.0244,13.43905],[101.02477,13.43855]]},"properties":{"osm_id":155114256,"rank":2,"name":null,"ref":null}},{"type":"Feature","geometry":{"type":"LineString","coordinates":[[101.0125,13.44943],[101.01261,13.45],[101.01273,13.45029],[101.01292,13.45055],[101.0131,13.45074],[101.01338,13.45096],[101.01478,13.45207]]},"properties":{"osm_id":155114257,"rank":2,"name":null,"ref":null}},{"type":"Feature","geometry":{"type":"LineString","coordinates":[[101.0167,13.44864],[101.01643,13.44869],[101.01622,13.44873],[101.01572,13.44883],[101.01476,13.449],[101.01464,13.44903],[101.0125,13.44943],[101.01166,13.44958],[101.00981,13.44992],[101.00945,13.45017],[101.00933,13.45055],[101.00938,13.45099],[101.00975,13.45208]]},"properties":{"osm_id":155114258,"rank":2,"name":"ซอยบ้านเก่า 3/1","ref":null}},{"type":"Feature","geometry":{"type":"LineString","coordinates":[[101.02744,13.42785],[101.02738,13.42794],[101.02723,13.42819],[101.02718,13.42827],[101.02665,13.42914],[101.02609,13.42999],[101.02571,13.43066],[101.02561,13.43086],[101.02555,13.43101],[101.02552,13.43119],[101.02551,13.43128],[101.0255,13.43148],[101.02548,13.43171],[101.02542,13.43192],[101.02534,13.4321],[101.02522,13.4323],[101.02461,13.4333],[101.02452,13.43345],[101.02403,13.43425],[101.02377,13.43461],[101.02369,13.43472],[101.02334,13.43519],[101.02325,13.43531],[101.02292,13.43577],[101.02236,13.43649]]},"properties":{"osm_id":155114259,"rank":2,"name":null,"ref":null}},{"type":"Feature","geometry":{"type":"LineString","coordinates":[[101.02007,13.4469],[101.01971,13.44597],[101.0197,13.44588],[101.0198,13.44582],[101.02003,13.4458],[101.02034,13.44586],[101.02095,13.44599],[101.0212,13.44604],[101.02145,13.44607],[101.02166,13.44607],[101.02207,13.44604],[101.0235,13.4459],[101.02376,13.44589],[101.02394,13.44594],[101.02413,13.44605],[101.02437,13.44622]]},"properties":{"osm_id":155116016,"rank":2,"name":null,"ref":null}},{"type":"Feature","geometry":{"type":"LineString","coordinates":[[101.02753,13.42181],[101.02859,13.42234],[101.02874,13.42242],[101.02919,13.42265],[101.0298,13.42296],[101.03023,13.42317],[101.0304,13.42326],[101.03066,13.42339],[101.03111,13.42364],[101.03118,13.42369],[101.03132,13.42384]]},"properties":{"osm_id":155120569,"rank":2,"name":null,"ref":null}},{"type":"Feature","geometry":{"type":"LineString","coordinates":[[101.07727,13.454],[101.07725,13.45383],[101.07715,13.45355],[101.07703,13.4533],[101.07698,13.45324],[101.07687,13.45308],[101.07683,13.45303],[101.07667,13.45287],[101.07646,13.45269],[101.07614,13.45249],[101.07491,13.45177],[101.07476,13.45168],[101.07416,13.45133],[101.07386,13.45119],[101.0737,13.45111],[101.07356,13.45105],[101.0736,13.45102]]},"properties":{"osm_id":155250669,"rank":2,"name":null,"ref":null}},{"type":"Feature","geometry":{"type":"LineString","coordinates":[[101.0708,13.44798],[101.07078,13.44952],[101.07078,13.4496],[101.07077,13.45009]]},"properties":{"osm_id":155250671,"rank":2,"name":null,"ref":null}},{"type":"Feature","geometry":{"type":"LineString","coordinates":[[101.06957,13.44796],[101.06971,13.44796],[101.0708,13.44798],[101.07143,13.44798],[101.07181,13.44797],[101.07187,13.44797],[101.07226,13.44795],[101.07258,13.44789],[101.07267,13.44786],[101.07286,13.4478],[101.07316,13.44764],[101.07362,13.4474]]},"properties":{"osm_id":155250676,"rank":2,"name":null,"ref":null}},{"type":"Feature","geometry":{"type":"LineString","coordinates":[[101.04991,13.45815],[101.0499,13.45808],[101.04987,13.45805],[101.04982,13.45804],[101.04975,13.45808]]},"properties":{"osm_id":155250682,"rank":2,"name":null,"ref":null}},{"type":"Feature","geometry":{"type":"LineString","coordinates":[[101.07386,13.45119],[101.07385,13.45107],[101.07385,13.451],[101.07388,13.45091],[101.07401,13.45078]]},"properties":{"osm_id":155250688,"rank":2,"name":null,"ref":null}},{"type":"Feature","geometry":{"type":"LineString","coordinates":[[101.07992,13.44786],[101.07982,13.44831],[101.07967,13.44878],[101.07951,13.44909],[101.07912,13.4497],[101.07908,13.44986],[101.07917,13.45055],[101.07911,13.45072],[101.07898,13.45084],[101.07891,13.45085],[101.07884,13.45086],[101.0787,13.45086],[101.07861,13.45086],[101.0782,13.45084],[101.07768,13.45046],[101.07753,13.45039],[101.07739,13.45037],[101.07725,13.45041],[101.07635,13.45089],[101.07622,13.45094],[101.07611,13.45092],[101.07603,13.45089],[101.07542,13.45044],[101.07532,13.45036],[101.07514,13.45024]]},"properties":{"osm_id":155251875,"rank":2,"name":null,"ref":null}},{"type":"Feature","geometry":{"type":"LineString","coordinates":[[101.0884,13.44641],[101.08942,13.44647],[101.09035,13.44653],[101.09045,13.44653],[101.09109,13.44657],[101.09183,13.44659],[101.09241,13.44662],[101.0927,13.44663],[101.09373,13.44667],[101.09501,13.44673],[101.09521,13.44673],[101.09598,13.44677]]},"properties":{"osm_id":155252814,"rank":2,"name":null,"ref":null}},{"type":"Feature","geometry":{"type":"LineString","coordinates":[[101.09387,13.4419],[101.09387,13.44172],[101.09387,13.44169],[101.09389,13.44127],[101.09392,13.44084],[101.09394,13.44002],[101.09395,13.43985],[101.09396,13.43964],[101.09398,13.4395],[101.09401,13.43929],[101.09408,13.439],[101.09418,13.43875],[101.09431,13.43853],[101.09443,13.43836],[101.0946,13.43815],[101.09464,13.4381],[101.09465,13.43809],[101.09469,13.43806],[101.09491,13.43786],[101.09517,13.43768],[101.09549,13.43752],[101.09582,13.43741],[101.09617,13.43734],[101.09652,13.43733],[101.09686,13.43736],[101.09752,13.43747],[101.0982,13.4376],[101.09823,13.43761],[101.09866,13.43769],[101.09909,13.43779],[101.09941,13.43785],[101.10016,13.43801],[101.10028,13.43803],[101.10043,13.43806],[101.10124,13.43819],[101.10146,13.43821],[101.10165,13.43823],[101.10198,13.4382],[101.10283,13.43813],[101.10327,13.43811]]},"properties":{"osm_id":155252824,"rank":2,"name":null,"ref":null}},{"type":"Feature","geometry":{"type":"LineString","coordinates":[[101.08821,13.44998],[101.08863,13.45],[101.09087,13.4501],[101.09097,13.45011]]},"properties":{"osm_id":155252829,"rank":2,"name":null,"ref":null}},{"type":"Feature","geometry":{"type":"LineString","coordinates":[[101.08812,13.45171],[101.08821,13.44998],[101.08821,13.44995],[101.08825,13.44908],[101.08829,13.44836],[101.0884,13.44641],[101.08842,13.44592],[101.08844,13.44562],[101.08846,13.44517],[101.08848,13.44463],[101.08849,13.44428],[101.08851,13.44388],[101.08853,13.44341],[101.08854,13.44301]]},"properties":{"osm_id":155252830,"rank":2,"name":null,"ref":null}},{"type":"Feature","geometry":{"type":"LineString","coordinates":[[101.09933,13.43431],[101.09912,13.43534],[101.09905,13.43571],[101.09896,13.43615],[101.09866,13.43769]]},"properties":{"osm_id":155252836,"rank":2,"name":null,"ref":null}},{"type":"Feature","geometry":{"type":"LineString","coordinates":[[101.05927,13.4374],[101.05899,13.43704],[101.05866,13.43666],[101.05848,13.43648],[101.05837,13.43637],[101.05832,13.43634],[101.05809,13.43614],[101.05781,13.43594],[101.05774,13.43591],[101.05753,13.43579],[101.05725,13.43564],[101.05689,13.43547],[101.05663,13.43537],[101.05615,13.43519],[101.05515,13.43481],[101.05462,13.43461],[101.0537,13.43425],[101.05251,13.43379]]},"properties":{"osm_id":155256933,"rank":2,"name":null,"ref":null}},{"type":"Feature","geometry":{"type":"LineString","coordinates":[[101.05927,13.4374],[101.05941,13.43773],[101.05962,13.43801],[101.05986,13.43825],[101.06002,13.43837],[101.06012,13.43843],[101.06033,13.43856],[101.06061,13.4387],[101.06086,13.43879],[101.06132,13.43897],[101.06163,13.43899]]},"properties":{"osm_id":155256978,"rank":2,"name":null,"ref":null}},{"type":"Feature","geometry":{"type":"LineString","coordinates":[[101.05251,13.43379],[101.05244,13.43377],[101.05224,13.43369],[101.05175,13.4335],[101.051,13.43323],[101.05072,13.43313],[101.04983,13.43277]]},"properties":{"osm_id":155256983,"rank":2,"name":null,"ref":null}},{"type":"Feature","geometry":{"type":"LineString","coordinates":[[101.05251,13.43379],[101.05228,13.43433],[101.05192,13.43518],[101.0518,13.43546],[101.05165,13.43569],[101.05151,13.43587],[101.05133,13.43608],[101.05118,13.43634],[101.05107,13.43663],[101.05101,13.43685],[101.051,13.43719],[101.05102,13.43749],[101.05103,13.43781],[101.05099,13.43813],[101.05092,13.43846],[101.05085,13.4387],[101.05067,13.43939],[101.05046,13.44018],[101.05035,13.44061],[101.05029,13.44079],[101.05019,13.44118]]},"properties":{"osm_id":155256992,"rank":2,"name":null,"ref":null}},{"type":"Feature","geometry":{"type":"LineString","coordinates":[[101.01281,13.44135],[101.01222,13.44158],[101.01207,13.44161],[101.01157,13.44169],[101.01062,13.44163],[101.0103,13.44157],[101.00994,13.44145],[101.0095,13.44126],[101.00938,13.44119],[101.00933,13.44117],[101.00867,13.44087]]},"properties":{"osm_id":155394183,"rank":2,"name":null,"ref":null}},{"type":"Feature","geometry":{"type":"LineString","coordinates":[[101.01327,13.44792],[101.01286,13.44787],[101.01233,13.44794],[101.01206,13.448],[101.01188,13.4481],[101.01184,13.44812],[101.01172,13.44829],[101.01164,13.44842],[101.01146,13.44874],[101.01137,13.44889],[101.01126,13.44893],[101.01093,13.4488]]},"properties":{"osm_id":155394186,"rank":2,"name":null,"ref":null}},{"type":"Feature","geometry":{"type":"LineString","coordinates":[[101.00782,13.44708],[101.01058,13.44529],[101.01066,13.44519],[101.01068,13.4451],[101.01068,13.445],[101.01062,13.44491],[101.01054,13.44478],[101.01032,13.44447],[101.00965,13.44349]]},"properties":{"osm_id":155396177,"rank":2,"name":null,"ref":null}},{"type":"Feature","geometry":{"type":"LineString","coordinates":[[101.00534,13.44727],[101.0053,13.44732],[101.00527,13.44738],[101.00527,13.44745],[101.0053,13.44751],[101.00534,13.44756],[101.0054,13.44759],[101.00545,13.4476],[101.00547,13.4476],[101.00553,13.44759],[101.00559,13.44756],[101.00563,13.44751],[101.00565,13.44746],[101.00566,13.44739],[101.00562,13.4473],[101.00558,13.44725],[101.00551,13.44723],[101.00545,13.44722],[101.00538,13.44724],[101.00534,13.44727]]},"properties":{"osm_id":155396178,"rank":2,"name":null,"ref":null}},{"type":"Feature","geometry":{"type":"LineString","coordinates":[[101.01022,13.44784],[101.00949,13.44736],[101.00782,13.44708],[101.0069,13.44724],[101.00668,13.44727],[101.00636,13.44733],[101.00566,13.44739]]},"properties":{"osm_id":155396179,"rank":2,"name":null,"ref":null}},{"type":"Feature","geometry":{"type":"LineString","coordinates":[[101.00016,13.44359],[101.00044,13.44364],[101.00059,13.44369],[101.00069,13.44374],[101.00078,13.44386],[101.00129,13.44466],[101.00134,13.44476],[101.00142,13.44483],[101.00151,13.44491],[101.00208,13.44516],[101.00377,13.44588],[101.00406,13.44604],[101.00429,13.44618],[101.00473,13.4466],[101.00534,13.44727]]},"properties":{"osm_id":155396180,"rank":2,"name":null,"ref":null}},{"type":"Feature","geometry":{"type":"LineString","coordinates":[[101.01022,13.44297],[101.01017,13.44307],[101.00982,13.44336],[101.00965,13.44349],[101.00685,13.44526],[101.00656,13.44548],[101.00644,13.4456],[101.00636,13.44574],[101.00558,13.44725]]},"properties":{"osm_id":155396182,"rank":2,"name":null,"ref":null}},{"type":"Feature","geometry":{"type":"LineString","coordinates":[[101.00511,13.45156],[101.00519,13.45027],[101.00536,13.44864],[101.00545,13.4476]]},"properties":{"osm_id":155397044,"rank":2,"name":null,"ref":null}},{"type":"Feature","geometry":{"type":"LineString","coordinates":[[101.03111,13.42894],[101.03092,13.42902]]},"properties":{"osm_id":155406946,"rank":2,"name":null,"ref":null}},{"type":"Feature","geometry":{"type":"LineString","coordinates":[[101.03152,13.42923],[101.03136,13.42918],[101.0312,13.4292],[101.0311,13.42924],[101.03099,13.42936],[101.03094,13.42942]]},"properties":{"osm_id":155406955,"rank":2,"name":null,"ref":null}},{"type":"Feature","geometry":{"type":"LineString","coordinates":[[101.03551,13.44854],[101.03605,13.4491],[101.03717,13.45025]]},"properties":{"osm_id":155409320,"rank":2,"name":null,"ref":null}},{"type":"Feature","geometry":{"type":"LineString","coordinates":[[101.04291,13.45312],[101.04231,13.45305],[101.04172,13.45297],[101.04159,13.45295],[101.04066,13.45283],[101.04039,13.45279],[101.03983,13.45272]]},"properties":{"osm_id":155409322,"rank":2,"name":null,"ref":null}},{"type":"Feature","geometry":{"type":"LineString","coordinates":[[101.04172,13.45297],[101.04169,13.45317],[101.04143,13.45513]]},"properties":{"osm_id":155409329,"rank":2,"name":null,"ref":null}},{"type":"Feature","geometry":{"type":"LineString","coordinates":[[101.04321,13.43399],[101.04405,13.43481],[101.04438,13.43512],[101.04485,13.43557],[101.04506,13.43577],[101.04516,13.43589],[101.04521,13.436],[101.04523,13.43611]]},"properties":{"osm_id":155605373,"rank":2,"name":null,"ref":null}},{"type":"Feature","geometry":{"type":"LineString","coordinates":[[101.04285,13.43861],[101.04192,13.43775],[101.0418,13.43767],[101.04159,13.43754],[101.04101,13.43719],[101.0407,13.43698]]},"properties":{"osm_id":155605378,"rank":2,"name":null,"ref":null}},{"type":"Feature","geometry":{"type":"LineString","coordinates":[[101.04383,13.43376],[101.04321,13.43399],[101.04245,13.43427],[101.04088,13.43486],[101.03968,13.43529],[101.03955,13.4353],[101.03945,13.43527],[101.03826,13.43437]]},"properties":{"osm_id":155605380,"rank":2,"name":null,"ref":null}},{"type":"Feature","geometry":{"type":"LineString","coordinates":[[101.03084,13.44969],[101.03122,13.44899],[101.03201,13.44753],[101.03263,13.44631],[101.03292,13.44575]]},"properties":{"osm_id":155627358,"rank":2,"name":null,"ref":null}},{"type":"Feature","geometry":{"type":"LineString","coordinates":[[101.05857,13.43246],[101.05944,13.43286],[101.05958,13.43291],[101.05974,13.43297],[101.06086,13.43323],[101.0619,13.43345],[101.06201,13.43348]]},"properties":{"osm_id":156528303,"rank":2,"name":null,"ref":null}},{"type":"Feature","geometry":{"type":"LineString","coordinates":[[101.04654,13.44578],[101.04864,13.44675]]},"properties":{"osm_id":333394979,"rank":2,"name":null,"ref":null}},{"type":"Feature","geometry":{"type":"LineString","coordinates":[[101.04882,13.44646],[101.04659,13.44546],[101.04654,13.44544]]},"properties":{"osm_id":333394982,"rank":2,"name":null,"ref":null}},{"type":"Feature","geometry":{"type":"LineString","coordinates":[[101.04864,13.44675],[101.04917,13.447],[101.04957,13.44715]]},"properties":{"osm_id":333394983,"rank":2,"name":null,"ref":null}},{"type":"Feature","geometry":{"type":"LineString","coordinates":[[101.04979,13.44717],[101.04934,13.44682],[101.04882,13.44646]]},"properties":{"osm_id":333394988,"rank":2,"name":null,"ref":null}},{"type":"Feature","geometry":{"type":"LineString","coordinates":[[101.05848,13.43648],[101.05879,13.43612],[101.05891,13.43587],[101.059,13.43556],[101.05922,13.43458],[101.05958,13.43291]]},"properties":{"osm_id":333395032,"rank":2,"name":null,"ref":null}},{"type":"Feature","geometry":{"type":"LineString","coordinates":[[101.04357,13.45824],[101.04366,13.45839],[101.0445,13.45855],[101.04568,13.45877]]},"properties":{"osm_id":377495524,"rank":1,"name":null,"ref":null}},{"type":"Feature","geometry":{"type":"LineString","coordinates":[[101.08193,13.42858],[101.0828,13.42878],[101.08307,13.42869],[101.08333,13.42783]]},"properties":{"osm_id":382444102,"rank":2,"name":null,"ref":null}},{"type":"Feature","geometry":{"type":"LineString","coordinates":[[101.08558,13.43198],[101.08737,13.43246]]},"properties":{"osm_id":382448788,"rank":2,"name":null,"ref":null}},{"type":"Feature","geometry":{"type":"LineString","coordinates":[[101.10253,13.43658],[101.10253,13.43673],[101.10255,13.43705],[101.10258,13.4374],[101.1026,13.43763],[101.10264,13.43773],[101.10283,13.43813],[101.10293,13.43837],[101.10301,13.43855],[101.10291,13.43885]]},"properties":{"osm_id":382448797,"rank":2,"name":null,"ref":null}},{"type":"Feature","geometry":{"type":"LineString","coordinates":[[101.09995,13.44119],[101.10113,13.44133],[101.10208,13.44143],[101.10285,13.44152],[101.10299,13.44153],[101.10302,13.44153],[101.10433,13.44165]]},"properties":{"osm_id":382448799,"rank":2,"name":null,"ref":null}},{"type":"Feature","geometry":{"type":"LineString","coordinates":[[101.11396,13.44783],[101.11404,13.44728],[101.11422,13.44676]]},"properties":{"osm_id":382448807,"rank":2,"name":null,"ref":null}},{"type":"Feature","geometry":{"type":"LineString","coordinates":[[101.06163,13.43899],[101.0614,13.43884],[101.06092,13.43865],[101.06067,13.43856],[101.0604,13.43842],[101.06016,13.43827],[101.05995,13.43809],[101.05975,13.43791],[101.05953,13.43765],[101.05927,13.4374]]},"properties":{"osm_id":449389996,"rank":2,"name":null,"ref":null}},{"type":"Feature","geometry":{"type":"LineString","coordinates":[[101.08542,13.44527],[101.08539,13.44533],[101.08539,13.44622],[101.0854,13.44671],[101.08529,13.4478],[101.08496,13.44881],[101.08505,13.44944],[101.08485,13.44953],[101.08461,13.44963],[101.08273,13.44983],[101.0828,13.45111],[101.08284,13.45171],[101.08285,13.45241],[101.08286,13.45285],[101.08278,13.45339],[101.08266,13.45417],[101.08243,13.45561],[101.08222,13.45691],[101.08221,13.45702],[101.08215,13.45742]]},"properties":{"osm_id":496956308,"rank":2,"name":null,"ref":null}},{"type":"Feature","geometry":{"type":"LineString","coordinates":[[101.06068,13.4414],[101.05993,13.44156],[101.05975,13.4416],[101.05957,13.44196],[101.05946,13.44193]]},"properties":{"osm_id":496956309,"rank":1,"name":null,"ref":null}},{"type":"Feature","geometry":{"type":"LineString","coordinates":[[101.06132,13.43897],[101.06048,13.43881],[101.06034,13.43882],[101.06024,13.43888],[101.06001,13.43924]]},"properties":{"osm_id":496956311,"rank":1,"name":null,"ref":null}},{"type":"Feature","geometry":{"type":"LineString","coordinates":[[101.04891,13.4444],[101.04896,13.44431],[101.04925,13.4438],[101.04932,13.44367],[101.04952,13.44332],[101.04967,13.44305],[101.04975,13.44278],[101.05018,13.44123],[101.05019,13.44118]]},"properties":{"osm_id":545388837,"rank":2,"name":null,"ref":null}},{"type":"Feature","geometry":{"type":"LineString","coordinates":[[101.04975,13.44278],[101.04965,13.44276],[101.04897,13.4426],[101.04831,13.44241],[101.04811,13.4423],[101.04795,13.44214]]},"properties":{"osm_id":545388838,"rank":2,"name":null,"ref":null}},{"type":"Feature","geometry":{"type":"LineString","coordinates":[[101.08273,13.44983],[101.08265,13.44911],[101.0826,13.44874],[101.08257,13.44858],[101.08254,13.44845],[101.08238,13.44782],[101.08234,13.44776],[101.08226,13.44774],[101.08215,13.44774],[101.08157,13.44781],[101.08101,13.44784],[101.08023,13.44786],[101.0801,13.44786],[101.07992,13.44786],[101.07985,13.44784],[101.07981,13.44778],[101.0798,13.44768],[101.07983,13.44724],[101.07989,13.44628],[101.07986,13.44597],[101.07983,13.44578]]},"properties":{"osm_id":617232466,"rank":2,"name":null,"ref":null}},{"type":"Feature","geometry":{"type":"LineString","coordinates":[[101.09464,13.4381],[101.09426,13.4377],[101.09409,13.43743],[101.09407,13.43728],[101.09407,13.43709],[101.09418,13.43548],[101.09418,13.43544],[101.0942,13.43506],[101.09421,13.43473],[101.0943,13.43249],[101.0943,13.43247],[101.09438,13.43139]]},"properties":{"osm_id":618301886,"rank":2,"name":null,"ref":null}},{"type":"Feature","geometry":{"type":"LineString","coordinates":[[101.07998,13.4437],[101.07997,13.44382],[101.08,13.44438],[101.08,13.44464],[101.07998,13.4448],[101.0799,13.44517],[101.07982,13.44545],[101.07981,13.44555],[101.07982,13.44568]]},"properties":{"osm_id":618301894,"rank":2,"name":null,"ref":null}},{"type":"Feature","geometry":{"type":"LineString","coordinates":[[101.07982,13.44568],[101.07983,13.44578]]},"properties":{"osm_id":618301895,"rank":2,"name":null,"ref":null}},{"type":"Feature","geometry":{"type":"LineString","coordinates":[[101.10983,13.44478],[101.10982,13.44514],[101.10982,13.4452],[101.10978,13.44599],[101.10972,13.44718],[101.10972,13.44731],[101.10964,13.44846],[101.1096,13.44876],[101.10946,13.44926],[101.10939,13.44942],[101.10928,13.44966],[101.10917,13.44989],[101.10894,13.45022],[101.10864,13.45057],[101.10835,13.45084],[101.1082,13.45095],[101.10797,13.45111],[101.10757,13.45133],[101.10661,13.45191],[101.10411,13.45336],[101.10404,13.4534],[101.10258,13.45426],[101.10229,13.45447],[101.10182,13.45485],[101.10084,13.45562],[101.10022,13.45618],[101.09948,13.45708]]},"properties":{"osm_id":618301903,"rank":2,"name":null,"ref":null}},{"type":"Feature","geometry":{"type":"LineString","coordinates":[[101.06059,13.43792],[101.06037,13.43806],[101.06027,13.4381],[101.06013,13.43811],[101.05995,13.43809]]},"properties":{"osm_id":656044434,"rank":1,"name":null,"ref":null}},{"type":"Feature","geometry":{"type":"LineString","coordinates":[[101.06053,13.43104],[101.06031,13.4314],[101.0601,13.43175],[101.05991,13.4321],[101.05966,13.43253],[101.05962,13.4327],[101.05958,13.43291]]},"properties":{"osm_id":656044463,"rank":2,"name":null,"ref":null}},{"type":"Feature","geometry":{"type":"LineString","coordinates":[[101.06002,13.43837],[101.06017,13.4389]]},"properties":{"osm_id":656044474,"rank":1,"name":null,"ref":null}},{"type":"Feature","geometry":{"type":"LineString","coordinates":[[101.04523,13.43611],[101.04521,13.43622],[101.04514,13.43633],[101.0444,13.43707],[101.04386,13.43763],[101.0435,13.43801],[101.04285,13.43861]]},"properties":{"osm_id":695656405,"rank":2,"name":null,"ref":null}},{"type":"Feature","geometry":{"type":"LineString","coordinates":[[101.03817,13.43431],[101.03811,13.43426],[101.03809,13.43421],[101.03872,13.43312],[101.03965,13.43173]]},"properties":{"osm_id":695656407,"rank":2,"name":null,"ref":null}},{"type":"Feature","geometry":{"type":"LineString","coordinates":[[101.08844,13.44562],[101.08838,13.44562],[101.08779,13.44562],[101.0855,13.44525],[101.08542,13.44527]]},"properties":{"osm_id":695656409,"rank":1,"name":null,"ref":null}},{"type":"Feature","geometry":{"type":"LineString","coordinates":[[101.08276,13.42948],[101.08171,13.42914]]},"properties":{"osm_id":695656742,"rank":2,"name":null,"ref":null}},{"type":"Feature","geometry":{"type":"LineString","coordinates":[[101.08171,13.42914],[101.08193,13.42858]]},"properties":{"osm_id":695656743,"rank":2,"name":null,"ref":null}},{"type":"Feature","geometry":{"type":"LineString","coordinates":[[101.07997,13.43963],[101.08019,13.4392],[101.08077,13.43805],[101.0817,13.43631],[101.08193,13.43463],[101.08238,13.43227]]},"properties":{"osm_id":695656744,"rank":2,"name":null,"ref":null}},{"type":"Feature","geometry":{"type":"LineString","coordinates":[[101.03303,13.4303],[101.03279,13.43013],[101.0321,13.42964],[101.03152,13.42923]]},"properties":{"osm_id":695656752,"rank":2,"name":null,"ref":null}},{"type":"Feature","geometry":{"type":"LineString","coordinates":[[101.01897,13.42197],[101.01889,13.42209],[101.01886,13.42213],[101.01813,13.4231],[101.01767,13.42371],[101.01683,13.42484]]},"properties":{"osm_id":695657924,"rank":2,"name":null,"ref":null}},{"type":"Feature","geometry":{"type":"LineString","coordinates":[[101.00685,13.44526],[101.00619,13.44434],[101.00614,13.44416],[101.00618,13.444],[101.00713,13.44295],[101.00728,13.44287],[101.00742,13.44286],[101.00892,13.44288],[101.00997,13.44278],[101.01011,13.44277],[101.01018,13.44284],[101.01022,13.44297]]},"properties":{"osm_id":695709676,"rank":2,"name":null,"ref":null}},{"type":"Feature","geometry":{"type":"LineString","coordinates":[[101.00361,13.42105],[101.00352,13.4209]]},"properties":{"osm_id":699056985,"rank":2,"name":"สาธิตเกษตร-ทองหลาง","ref":null}},{"type":"Feature","geometry":{"type":"LineString","coordinates":[[101.03087,13.43058],[101.03085,13.43083]]},"properties":{"osm_id":718498153,"rank":2,"name":null,"ref":null}},{"type":"Feature","geometry":{"type":"LineString","coordinates":[[101.03094,13.42942],[101.03087,13.43058]]},"properties":{"osm_id":718498154,"rank":2,"name":null,"ref":null}},{"type":"Feature","geometry":{"type":"LineString","coordinates":[[101.02752,13.42771],[101.02744,13.42785]]},"properties":{"osm_id":718498159,"rank":2,"name":null,"ref":null}},{"type":"Feature","geometry":{"type":"LineString","coordinates":[[101.02806,13.42686],[101.02799,13.42693],[101.02792,13.42704],[101.02752,13.42771]]},"properties":{"osm_id":718498160,"rank":2,"name":null,"ref":null}},{"type":"Feature","geometry":{"type":"LineString","coordinates":[[101.01686,13.44861],[101.0167,13.44864]]},"properties":{"osm_id":718502772,"rank":2,"name":"ซอยบ้านเก่า 3/1","ref":null}},{"type":"Feature","geometry":{"type":"LineString","coordinates":[[101.01791,13.44872],[101.0175,13.44862],[101.01726,13.4486],[101.01704,13.4486],[101.01686,13.44861]]},"properties":{"osm_id":718502773,"rank":2,"name":"ซอยบ้านเก่า 3/1","ref":null}},{"type":"Feature","geometry":{"type":"LineString","coordinates":[[101.02737,13.42173],[101.02753,13.42181]]},"properties":{"osm_id":718503562,"rank":2,"name":null,"ref":null}},{"type":"Feature","geometry":{"type":"LineString","coordinates":[[101.0222,13.41864],[101.02236,13.41873],[101.02339,13.41939],[101.02348,13.41945],[101.02368,13.41957],[101.02435,13.42],[101.02507,13.42044],[101.02631,13.42122],[101.02709,13.42159],[101.02721,13.42165],[101.02737,13.42173]]},"properties":{"osm_id":718503563,"rank":2,"name":null,"ref":null}},{"type":"Feature","geometry":{"type":"LineString","coordinates":[[101.01717,13.459],[101.01694,13.45873],[101.0169,13.45868],[101.01642,13.45821],[101.01648,13.45809],[101.01671,13.45764],[101.01685,13.45744],[101.01691,13.4573],[101.01701,13.45681],[101.01702,13.45676],[101.01704,13.45668],[101.01707,13.45655],[101.01721,13.45591],[101.01722,13.45586],[101.01723,13.45578],[101.01727,13.4556],[101.01742,13.45495],[101.01748,13.45465],[101.01753,13.45444],[101.01769,13.45375]]},"properties":{"osm_id":718504849,"rank":2,"name":"บ้านเก่า 6","ref":null}},{"type":"Feature","geometry":{"type":"LineString","coordinates":[[101.03971,13.43188],[101.03973,13.43192]]},"properties":{"osm_id":718504858,"rank":2,"name":null,"ref":null}},{"type":"Feature","geometry":{"type":"LineString","coordinates":[[101.03067,13.42524],[101.03196,13.42596],[101.03242,13.42622],[101.03288,13.42648],[101.03415,13.42719],[101.03418,13.42721],[101.03447,13.42736],[101.0351,13.42768],[101.03577,13.42803],[101.03734,13.42882],[101.03797,13.42922],[101.03838,13.42949],[101.03866,13.42973],[101.03889,13.43],[101.03907,13.43028],[101.03919,13.43053],[101.03923,13.4306],[101.03931,13.43084],[101.03954,13.43145],[101.03965,13.43173],[101.03971,13.43188]]},"properties":{"osm_id":718504859,"rank":2,"name":null,"ref":null}},{"type":"Feature","geometry":{"type":"LineString","coordinates":[[101.03826,13.43437],[101.03817,13.43431]]},"properties":{"osm_id":718949549,"rank":2,"name":null,"ref":null}},{"type":"Feature","geometry":{"type":"LineString","coordinates":[[101.08276,13.42948],[101.08307,13.42869]]},"properties":{"osm_id":890016089,"rank":2,"name":null,"ref":null}},{"type":"Feature","geometry":{"type":"LineString","coordinates":[[101.00131,13.4228],[101.00134,13.42283],[101.00138,13.42288]]},"properties":{"osm_id":890017676,"rank":2,"name":null,"ref":null}},{"type":"Feature","geometry":{"type":"LineString","coordinates":[[101.05857,13.43246],[101.05786,13.4321],[101.05743,13.43182],[101.05717,13.43165],[101.05705,13.43152],[101.05697,13.43137],[101.05682,13.43112],[101.05681,13.4311],[101.05666,13.43084],[101.0565,13.43059],[101.05634,13.43034],[101.05631,13.4303]]},"properties":{"osm_id":934561466,"rank":2,"name":null,"ref":null}},{"type":"Feature","geometry":{"type":"LineString","coordinates":[[101.08024,13.43983],[101.08023,13.43965],[101.08019,13.4392]]},"properties":{"osm_id":934654352,"rank":2,"name":null,"ref":null}},{"type":"Feature","geometry":{"type":"LineString","coordinates":[[101.00039,13.42349],[101.0003,13.42347]]},"properties":{"osm_id":935213658,"rank":1,"name":null,"ref":null}},{"type":"Feature","geometry":{"type":"LineString","coordinates":[[101.00975,13.45208],[101.00974,13.45215],[101.00973,13.45222],[101.00969,13.45227],[101.00964,13.4523],[101.00957,13.45233],[101.00942,13.45238]]},"properties":{"osm_id":935269353,"rank":2,"name":"ซอยบ้านเก่า 3/1","ref":null}},{"type":"Feature","geometry":{"type":"LineString","coordinates":[[101.06297,13.4549],[101.06298,13.45498],[101.06304,13.45509],[101.06311,13.45519],[101.06314,13.45527],[101.06315,13.45536],[101.06313,13.45544],[101.06308,13.45549]]},"properties":{"osm_id":935715259,"rank":2,"name":null,"ref":null}},{"type":"Feature","geometry":{"type":"LineString","coordinates":[[101.00352,13.4209],[101.00313,13.42026]]},"properties":{"osm_id":942510099,"rank":2,"name":"สาธิตเกษตร-ทองหลาง","ref":null}},{"type":"Feature","geometry":{"type":"LineString","coordinates":[[101.0407,13.43698],[101.04035,13.43751]]},"properties":{"osm_id":942766997,"rank":2,"name":null,"ref":null}},{"type":"Feature","geometry":{"type":"LineString","coordinates":[[101.04952,13.45926],[101.04951,13.45933]]},"properties":{"osm_id":942767084,"rank":2,"name":null,"ref":null}},{"type":"Feature","geometry":{"type":"LineString","coordinates":[[101.04983,13.45939],[101.04984,13.45931]]},"properties":{"osm_id":942767085,"rank":2,"name":null,"ref":null}},{"type":"Feature","geometry":{"type":"LineString","coordinates":[[101.0396,13.43867],[101.03951,13.43881]]},"properties":{"osm_id":944096419,"rank":2,"name":null,"ref":null}},{"type":"Feature","geometry":{"type":"LineString","coordinates":[[101.03951,13.43881],[101.0392,13.43929],[101.03902,13.43956],[101.03865,13.44014],[101.03856,13.44024],[101.03828,13.44059]]},"properties":{"osm_id":944096420,"rank":2,"name":null,"ref":null}},{"type":"Feature","geometry":{"type":"LineString","coordinates":[[101.00313,13.42026],[101.00302,13.42008],[101.00296,13.42002],[101.00292,13.41996],[101.00277,13.41984],[101.00253,13.41966],[101.00246,13.41962],[101.00242,13.4196],[101.00238,13.41957],[101.00219,13.41953],[101.00201,13.4195]]},"properties":{"osm_id":947564299,"rank":2,"name":"สาธิตเกษตร-ทองหลาง","ref":null}},{"type":"Feature","geometry":{"type":"LineString","coordinates":[[101.03094,13.42942],[101.03094,13.42916],[101.03092,13.42902]]},"properties":{"osm_id":952187220,"rank":2,"name":null,"ref":null}},{"type":"Feature","geometry":{"type":"LineString","coordinates":[[101.03152,13.42923],[101.03143,13.42916],[101.03111,13.42894],[101.0308,13.42872],[101.03063,13.4286],[101.03033,13.42837],[101.02989,13.42804],[101.02978,13.42795],[101.02921,13.42752],[101.02889,13.4273],[101.02827,13.42687],[101.02817,13.42685],[101.02806,13.42686]]},"properties":{"osm_id":952187221,"rank":2,"name":null,"ref":null}},{"type":"Feature","geometry":{"type":"LineString","coordinates":[[101.03092,13.42902],[101.03091,13.42895],[101.0308,13.42872]]},"properties":{"osm_id":953263680,"rank":2,"name":null,"ref":null}},{"type":"Feature","geometry":{"type":"LineString","coordinates":[[101.0003,13.42347],[101.00011,13.42344],[100.99998,13.42343],[100.99987,13.42343]]},"properties":{"osm_id":957024874,"rank":1,"name":null,"ref":null}},{"type":"Feature","geometry":{"type":"LineString","coordinates":[[101.04035,13.43751],[101.04027,13.43765],[101.0396,13.43867]]},"properties":{"osm_id":958740603,"rank":2,"name":null,"ref":null}},{"type":"Feature","geometry":{"type":"LineString","coordinates":[[101.01681,13.45357],[101.0168,13.45365]]},"properties":{"osm_id":962165697,"rank":1,"name":null,"ref":null}},{"type":"Feature","geometry":{"type":"LineString","coordinates":[[101.02505,13.4548],[101.02503,13.45486]]},"properties":{"osm_id":962165698,"rank":1,"name":null,"ref":null}},{"type":"Feature","geometry":{"type":"LineString","coordinates":[[101.03036,13.45571],[101.03035,13.45578]]},"properties":{"osm_id":962165699,"rank":2,"name":null,"ref":null}},{"type":"Feature","geometry":{"type":"LineString","coordinates":[[101.00367,13.42114],[101.00364,13.4211],[101.00361,13.42105]]},"properties":{"osm_id":963846180,"rank":2,"name":null,"ref":null}},{"type":"Feature","geometry":{"type":"LineString","coordinates":[[101.00166,13.42253],[101.00173,13.42261]]},"properties":{"osm_id":963861370,"rank":2,"name":null,"ref":null}},{"type":"Feature","geometry":{"type":"LineString","coordinates":[[101.06394,13.45531],[101.06379,13.45524],[101.06374,13.45519],[101.06371,13.45514],[101.06369,13.45505]]},"properties":{"osm_id":963885680,"rank":2,"name":null,"ref":null}},{"type":"Feature","geometry":{"type":"LineString","coordinates":[[101.06321,13.45539],[101.06339,13.45537],[101.06358,13.45536],[101.0637,13.45536],[101.06377,13.45535],[101.06384,13.45532]]},"properties":{"osm_id":963886406,"rank":2,"name":null,"ref":null}},{"type":"Feature","geometry":{"type":"LineString","coordinates":[[101.10982,13.4452],[101.10989,13.44505],[101.10999,13.44491],[101.11006,13.44484],[101.1102,13.44474]]},"properties":{"osm_id":964277789,"rank":2,"name":null,"ref":null}},{"type":"Feature","geometry":{"type":"LineString","coordinates":[[101.10946,13.44481],[101.10962,13.4449],[101.1097,13.44497],[101.10977,13.44507],[101.10982,13.44514]]},"properties":{"osm_id":964277790,"rank":2,"name":null,"ref":null}},{"type":"Feature","geometry":{"type":"LineString","coordinates":[[101.0803,13.44014],[101.08025,13.44123],[101.08019,13.44254],[101.08016,13.44339]]},"properties":{"osm_id":1123278500,"rank":2,"name":null,"ref":null}},{"type":"Feature","geometry":{"type":"LineString","coordinates":[[101.01001,13.45249],[101.00992,13.45241],[101.00988,13.45236],[101.00975,13.45208]]},"properties":{"osm_id":1305605191,"rank":2,"name":"ซอยบ้านเก่า 3/1","ref":null}},{"type":"Feature","geometry":{"type":"LineString","coordinates":[[101.03137,13.42403],[101.0313,13.42421],[101.03108,13.42458],[101.03067,13.42524],[101.03001,13.42629],[101.02976,13.42668],[101.02971,13.42676],[101.02957,13.42697],[101.02921,13.42752]]},"properties":{"osm_id":1306134650,"rank":2,"name":null,"ref":null}},{"type":"Feature","geometry":{"type":"LineString","coordinates":[[101.10544,13.44467],[101.10551,13.44464],[101.10552,13.4446],[101.1055,13.44455]]},"properties":{"osm_id":1409960030,"rank":2,"name":null,"ref":null}},{"type":"Feature","geometry":{"type":"LineString","coordinates":[[101.10263,13.44343],[101.1026,13.44346],[101.10258,13.44349],[101.10258,13.44354],[101.10262,13.44357]]},"properties":{"osm_id":1409960031,"rank":2,"name":null,"ref":null}},{"type":"Feature","geometry":{"type":"LineString","coordinates":[[101.09383,13.44264],[101.09385,13.44252],[101.09387,13.4419]]},"properties":{"osm_id":1409960035,"rank":2,"name":null,"ref":null}},{"type":"Feature","geometry":{"type":"LineString","coordinates":[[101.00966,13.43002],[101.00937,13.43002],[101.00933,13.43003],[101.00928,13.43005],[101.00925,13.43007],[101.00923,13.43013]]},"properties":{"osm_id":1418587391,"rank":2,"name":null,"ref":null}},{"type":"Feature","geometry":{"type":"LineString","coordinates":[[101.01123,13.42994],[101.0112,13.43007]]},"properties":{"osm_id":1418587559,"rank":2,"name":null,"ref":null}},{"type":"Feature","geometry":{"type":"LineString","coordinates":[[101.08846,13.44272],[101.08848,13.44277],[101.0885,13.44283],[101.08852,13.44293],[101.08854,13.44301]]},"properties":{"osm_id":1421106467,"rank":2,"name":null,"ref":null}},{"type":"Feature","geometry":{"type":"LineString","coordinates":[[101.08854,13.44301],[101.08857,13.44285],[101.08862,13.44272]]},"properties":{"osm_id":1421106468,"rank":2,"name":null,"ref":null}},{"type":"Feature","geometry":{"type":"LineString","coordinates":[[101.09387,13.4419],[101.09379,13.4423],[101.09374,13.44249],[101.0937,13.44257],[101.09365,13.44264]]},"properties":{"osm_id":1423030760,"rank":2,"name":null,"ref":null}},{"type":"Feature","geometry":{"type":"LineString","coordinates":[[101.05301,13.4497],[101.05313,13.44963],[101.05319,13.4496]]},"properties":{"osm_id":1424529687,"rank":2,"name":null,"ref":null}},{"type":"Feature","geometry":{"type":"LineString","coordinates":[[101.07752,13.4557],[101.07727,13.454]]},"properties":{"osm_id":1467225737,"rank":2,"name":null,"ref":null}}]}